question_id,answer_category,semantic_entropy,normalized_entropy,active_clusters,flip_rate,majority_verdict,n_trials,p_correct,p_incorrect,p_unsure,answer_type_ner,question_length,context_length,expected_verdict,is_unstable,is_mismatch,issue_type
bb_1342,confusing_wrong,-0.0,0.0,1,0.0,INCORRECT,30,0.0,1.0,0.0,ORG,20,564,INCORRECT,False,False,stable_correct
bb_1342,correct,-0.0,0.0,1,0.0,CORRECT,30,1.0,0.0,0.0,ORG,20,564,CORRECT,False,False,stable_correct
bb_1342,obvious_wrong,-0.0,0.0,1,0.0,INCORRECT,30,0.0,1.0,0.0,ORG,20,564,INCORRECT,False,False,stable_correct
bb_1788,confusing_wrong,-0.0,0.0,1,0.0,INCORRECT,30,0.0,1.0,0.0,OTHER,17,2000,INCORRECT,False,False,stable_correct
bb_1788,correct,0.6571577614973405,0.9480782435939054,2,0.36666666666666664,UNSURE,30,0.0,0.36666666666666664,0.6333333333333333,OTHER,17,2000,CORRECT,True,True,both
bb_1788,obvious_wrong,-0.0,0.0,1,0.0,INCORRECT,30,0.0,1.0,0.0,OTHER,17,2000,INCORRECT,False,False,stable_correct
bb_1916,confusing_wrong,-0.0,0.0,1,0.0,INCORRECT,30,0.0,1.0,0.0,LOCATION,25,2000,INCORRECT,False,False,stable_correct
bb_1916,correct,-0.0,0.0,1,0.0,CORRECT,30,1.0,0.0,0.0,LOCATION,25,2000,CORRECT,False,False,stable_correct
bb_1916,obvious_wrong,-0.0,0.0,1,0.0,INCORRECT,30,0.0,1.0,0.0,LOCATION,25,2000,INCORRECT,False,False,stable_correct
bb_2192,confusing_wrong,-0.0,0.0,1,0.0,INCORRECT,30,0.0,1.0,0.0,PERSON,5,2000,INCORRECT,False,False,stable_correct
bb_2192,correct,-0.0,0.0,1,0.0,CORRECT,30,1.0,0.0,0.0,PERSON,5,2000,CORRECT,False,False,stable_correct
bb_2192,obvious_wrong,-0.0,0.0,1,0.0,INCORRECT,30,0.0,1.0,0.0,PERSON,5,2000,INCORRECT,False,False,stable_correct
bb_3592,confusing_wrong,-0.0,0.0,1,0.0,INCORRECT,30,0.0,1.0,0.0,PERSON,9,2000,INCORRECT,False,False,stable_correct
bb_3592,correct,-0.0,0.0,1,0.0,INCORRECT,30,0.0,1.0,0.0,PERSON,9,2000,CORRECT,False,True,mismatch_only
bb_3592,obvious_wrong,-0.0,0.0,1,0.0,INCORRECT,30,0.0,1.0,0.0,PERSON,9,2000,INCORRECT,False,False,stable_correct
bb_4263,confusing_wrong,-0.0,0.0,1,0.0,INCORRECT,30,0.0,1.0,0.0,LOCATION,6,1618,INCORRECT,False,False,stable_correct
bb_4263,correct,-0.0,0.0,1,0.0,CORRECT,30,1.0,0.0,0.0,LOCATION,6,1618,CORRECT,False,False,stable_correct
bb_4263,obvious_wrong,-0.0,0.0,1,0.0,INCORRECT,30,0.0,1.0,0.0,LOCATION,6,1618,INCORRECT,False,False,stable_correct
bb_4655,confusing_wrong,-0.0,0.0,1,0.0,INCORRECT,30,0.0,1.0,0.0,ORG,9,2000,INCORRECT,False,False,stable_correct
bb_4655,correct,-0.0,0.0,1,0.0,INCORRECT,30,0.0,1.0,0.0,ORG,9,2000,CORRECT,False,True,mismatch_only
bb_4655,obvious_wrong,-0.0,0.0,1,0.0,INCORRECT,30,0.0,1.0,0.0,ORG,9,2000,INCORRECT,False,False,stable_correct
bb_4656,confusing_wrong,-0.0,0.0,1,0.0,INCORRECT,30,0.0,1.0,0.0,PERSON,16,878,INCORRECT,False,False,stable_correct
bb_4656,correct,-0.0,0.0,1,0.0,CORRECT,30,1.0,0.0,0.0,PERSON,16,878,CORRECT,False,False,stable_correct
bb_4656,obvious_wrong,-0.0,0.0,1,0.0,INCORRECT,30,0.0,1.0,0.0,PERSON,16,878,INCORRECT,False,False,stable_correct
bb_4900,confusing_wrong,-0.0,0.0,1,0.0,INCORRECT,30,0.0,1.0,0.0,LOCATION,18,2000,INCORRECT,False,False,stable_correct
bb_4900,correct,-0.0,0.0,1,0.0,CORRECT,30,1.0,0.0,0.0,LOCATION,18,2000,CORRECT,False,False,stable_correct
bb_4900,obvious_wrong,-0.0,0.0,1,0.0,INCORRECT,30,0.0,1.0,0.0,LOCATION,18,2000,INCORRECT,False,False,stable_correct
bb_5126,confusing_wrong,-0.0,0.0,1,0.0,INCORRECT,30,0.0,1.0,0.0,ORG,11,2000,INCORRECT,False,False,stable_correct
bb_5126,correct,-0.0,0.0,1,0.0,CORRECT,30,1.0,0.0,0.0,ORG,11,2000,CORRECT,False,False,stable_correct
bb_5126,obvious_wrong,-0.0,0.0,1,0.0,INCORRECT,30,0.0,1.0,0.0,ORG,11,2000,INCORRECT,False,False,stable_correct
bb_5364,confusing_wrong,-0.0,0.0,1,0.0,INCORRECT,30,0.0,1.0,0.0,DATE,24,1496,INCORRECT,False,False,stable_correct
bb_5364,correct,-0.0,0.0,1,0.0,CORRECT,30,1.0,0.0,0.0,DATE,24,1496,CORRECT,False,False,stable_correct
bb_5364,obvious_wrong,-0.0,0.0,1,0.0,INCORRECT,30,0.0,1.0,0.0,DATE,24,1496,INCORRECT,False,False,stable_correct
bb_5529,confusing_wrong,-0.0,0.0,1,0.0,INCORRECT,30,0.0,1.0,0.0,PERSON,14,2000,INCORRECT,False,False,stable_correct
bb_5529,correct,-0.0,0.0,1,0.0,UNSURE,30,0.0,0.0,1.0,PERSON,14,2000,CORRECT,False,True,mismatch_only
bb_5529,obvious_wrong,-0.0,0.0,1,0.0,INCORRECT,30,0.0,1.0,0.0,PERSON,14,2000,INCORRECT,False,False,stable_correct
bb_5740,confusing_wrong,-0.0,0.0,1,0.0,INCORRECT,30,0.0,1.0,0.0,DATE,21,2000,INCORRECT,False,False,stable_correct
bb_5740,correct,-0.0,0.0,1,0.0,CORRECT,30,1.0,0.0,0.0,DATE,21,2000,CORRECT,False,False,stable_correct
bb_5740,obvious_wrong,-0.0,0.0,1,0.0,INCORRECT,30,0.0,1.0,0.0,DATE,21,2000,INCORRECT,False,False,stable_correct
bb_5849,confusing_wrong,-0.0,0.0,1,0.0,INCORRECT,30,0.0,1.0,0.0,OTHER,11,2000,INCORRECT,False,False,stable_correct
bb_5849,correct,-0.0,0.0,1,0.0,UNSURE,30,0.0,0.0,1.0,OTHER,11,2000,CORRECT,False,True,mismatch_only
bb_5849,obvious_wrong,-0.0,0.0,1,0.0,INCORRECT,30,0.0,1.0,0.0,OTHER,11,2000,INCORRECT,False,False,stable_correct
bb_593,confusing_wrong,-0.0,0.0,1,0.0,INCORRECT,30,0.0,1.0,0.0,OTHER,11,2000,INCORRECT,False,False,stable_correct
bb_593,correct,-0.0,0.0,1,0.0,INCORRECT,30,0.0,1.0,0.0,OTHER,11,2000,CORRECT,False,True,mismatch_only
bb_593,obvious_wrong,-0.0,0.0,1,0.0,INCORRECT,30,0.0,1.0,0.0,OTHER,11,2000,INCORRECT,False,False,stable_correct
bb_6164,confusing_wrong,-0.0,0.0,1,0.0,INCORRECT,30,0.0,1.0,0.0,LOCATION,15,2000,INCORRECT,False,False,stable_correct
bb_6164,correct,-0.0,0.0,1,0.0,CORRECT,30,1.0,0.0,0.0,LOCATION,15,2000,CORRECT,False,False,stable_correct
bb_6164,obvious_wrong,-0.0,0.0,1,0.0,INCORRECT,30,0.0,1.0,0.0,LOCATION,15,2000,INCORRECT,False,False,stable_correct
bb_7425,confusing_wrong,-0.0,0.0,1,0.0,INCORRECT,30,0.0,1.0,0.0,ORG,17,2000,INCORRECT,False,False,stable_correct
bb_7425,correct,0.3250829733914482,0.46899559358928117,2,0.1,CORRECT,30,0.9,0.1,0.0,ORG,17,2000,CORRECT,True,False,unstable_only
bb_7425,obvious_wrong,-0.0,0.0,1,0.0,INCORRECT,30,0.0,1.0,0.0,ORG,17,2000,INCORRECT,False,False,stable_correct
bb_7860,confusing_wrong,-0.0,0.0,1,0.0,INCORRECT,30,0.0,1.0,0.0,ORG,13,2000,INCORRECT,False,False,stable_correct
bb_7860,correct,-0.0,0.0,1,0.0,INCORRECT,30,0.0,1.0,0.0,ORG,13,2000,CORRECT,False,True,mismatch_only
bb_7860,obvious_wrong,-0.0,0.0,1,0.0,INCORRECT,30,0.0,1.0,0.0,ORG,13,2000,INCORRECT,False,False,stable_correct
bb_7936,confusing_wrong,-0.0,0.0,1,0.0,INCORRECT,30,0.0,1.0,0.0,ORG,17,2000,INCORRECT,False,False,stable_correct
bb_7936,correct,-0.0,0.0,1,0.0,INCORRECT,30,0.0,1.0,0.0,ORG,17,2000,CORRECT,False,True,mismatch_only
bb_7936,obvious_wrong,-0.0,0.0,1,0.0,INCORRECT,30,0.0,1.0,0.0,ORG,17,2000,INCORRECT,False,False,stable_correct
bb_7979,confusing_wrong,-0.0,0.0,1,0.0,INCORRECT,30,0.0,1.0,0.0,OTHER,12,2000,INCORRECT,False,False,stable_correct
bb_7979,correct,-0.0,0.0,1,0.0,CORRECT,30,1.0,0.0,0.0,OTHER,12,2000,CORRECT,False,False,stable_correct
bb_7979,obvious_wrong,-0.0,0.0,1,0.0,INCORRECT,30,0.0,1.0,0.0,OTHER,12,2000,INCORRECT,False,False,stable_correct
bt_2111,confusing_wrong,-0.0,0.0,1,0.0,INCORRECT,30,0.0,1.0,0.0,LOCATION,6,2000,INCORRECT,False,False,stable_correct
bt_2111,correct,-0.0,0.0,1,0.0,CORRECT,30,1.0,0.0,0.0,LOCATION,6,2000,CORRECT,False,False,stable_correct
bt_2111,obvious_wrong,-0.0,0.0,1,0.0,INCORRECT,30,0.0,1.0,0.0,LOCATION,6,2000,INCORRECT,False,False,stable_correct
bt_239,confusing_wrong,-0.0,0.0,1,0.0,INCORRECT,30,0.0,1.0,0.0,OTHER,9,2000,INCORRECT,False,False,stable_correct
bt_239,correct,-0.0,0.0,1,0.0,CORRECT,30,1.0,0.0,0.0,OTHER,9,2000,CORRECT,False,False,stable_correct
bt_239,obvious_wrong,-0.0,0.0,1,0.0,INCORRECT,30,0.0,1.0,0.0,OTHER,9,2000,INCORRECT,False,False,stable_correct
bt_3054,confusing_wrong,-0.0,0.0,1,0.0,INCORRECT,30,0.0,1.0,0.0,ORG,11,2000,INCORRECT,False,False,stable_correct
bt_3054,correct,-0.0,0.0,1,0.0,CORRECT,30,1.0,0.0,0.0,ORG,11,2000,CORRECT,False,False,stable_correct
bt_3054,obvious_wrong,-0.0,0.0,1,0.0,INCORRECT,30,0.0,1.0,0.0,ORG,11,2000,INCORRECT,False,False,stable_correct
bt_3116,confusing_wrong,-0.0,0.0,1,0.0,INCORRECT,30,0.0,1.0,0.0,LOCATION,7,2000,INCORRECT,False,False,stable_correct
bt_3116,correct,-0.0,0.0,1,0.0,CORRECT,30,1.0,0.0,0.0,LOCATION,7,2000,CORRECT,False,False,stable_correct
bt_3116,obvious_wrong,-0.0,0.0,1,0.0,INCORRECT,30,0.0,1.0,0.0,LOCATION,7,2000,INCORRECT,False,False,stable_correct
bt_3162,confusing_wrong,-0.0,0.0,1,0.0,INCORRECT,30,0.0,1.0,0.0,ORG,11,2000,INCORRECT,False,False,stable_correct
bt_3162,correct,0.1461447460085638,0.21084230031853216,2,0.03333333333333333,UNSURE,30,0.0,0.03333333333333333,0.9666666666666667,ORG,11,2000,CORRECT,True,True,both
bt_3162,obvious_wrong,-0.0,0.0,1,0.0,INCORRECT,30,0.0,1.0,0.0,ORG,11,2000,INCORRECT,False,False,stable_correct
bt_3259,confusing_wrong,-0.0,0.0,1,0.0,INCORRECT,30,0.0,1.0,0.0,PERSON,11,2000,INCORRECT,False,False,stable_correct
bt_3259,correct,0.6842317651303003,0.9871377743721862,2,0.43333333333333335,UNSURE,30,0.43333333333333335,0.0,0.5666666666666667,PERSON,11,2000,CORRECT,True,True,both
bt_3259,obvious_wrong,-0.0,0.0,1,0.0,INCORRECT,30,0.0,1.0,0.0,PERSON,11,2000,INCORRECT,False,False,stable_correct
bt_3620,confusing_wrong,-0.0,0.0,1,0.0,INCORRECT,30,0.0,1.0,0.0,ORG,7,2000,INCORRECT,False,False,stable_correct
bt_3620,correct,0.5004024235381879,0.7219280948873623,2,0.2,INCORRECT,30,0.0,0.8,0.2,ORG,7,2000,CORRECT,True,True,both
bt_3620,obvious_wrong,-0.0,0.0,1,0.0,INCORRECT,30,0.0,1.0,0.0,ORG,7,2000,INCORRECT,False,False,stable_correct
bt_4498,confusing_wrong,-0.0,0.0,1,0.0,INCORRECT,30,0.0,1.0,0.0,OTHER,11,2000,INCORRECT,False,False,stable_correct
bt_4498,correct,-0.0,0.0,1,0.0,CORRECT,30,1.0,0.0,0.0,OTHER,11,2000,CORRECT,False,False,stable_correct
bt_4498,obvious_wrong,-0.0,0.0,1,0.0,INCORRECT,30,0.0,1.0,0.0,OTHER,11,2000,INCORRECT,False,False,stable_correct
dpql_1177,confusing_wrong,-0.0,0.0,1,0.0,INCORRECT,30,0.0,1.0,0.0,LOCATION,10,2000,INCORRECT,False,False,stable_correct
dpql_1177,correct,-0.0,0.0,1,0.0,CORRECT,30,1.0,0.0,0.0,LOCATION,10,2000,CORRECT,False,False,stable_correct
dpql_1177,obvious_wrong,-0.0,0.0,1,0.0,INCORRECT,30,0.0,1.0,0.0,LOCATION,10,2000,INCORRECT,False,False,stable_correct
dpql_1872,confusing_wrong,-0.0,0.0,1,0.0,INCORRECT,30,0.0,1.0,0.0,ORG,17,2000,INCORRECT,False,False,stable_correct
dpql_1872,correct,-0.0,0.0,1,0.0,CORRECT,30,1.0,0.0,0.0,ORG,17,2000,CORRECT,False,False,stable_correct
dpql_1872,obvious_wrong,-0.0,0.0,1,0.0,INCORRECT,30,0.0,1.0,0.0,ORG,17,2000,INCORRECT,False,False,stable_correct
dpql_2596,confusing_wrong,-0.0,0.0,1,0.0,INCORRECT,30,0.0,1.0,0.0,LOCATION,8,2000,INCORRECT,False,False,stable_correct
dpql_2596,correct,0.6108643020548935,0.8812908992306927,2,0.3,INCORRECT,30,0.0,0.7,0.3,LOCATION,8,2000,CORRECT,True,True,both
dpql_2596,obvious_wrong,-0.0,0.0,1,0.0,INCORRECT,30,0.0,1.0,0.0,LOCATION,8,2000,INCORRECT,False,False,stable_correct
dpql_2873,confusing_wrong,-0.0,0.0,1,0.0,INCORRECT,30,0.0,1.0,0.0,PERSON,13,2000,INCORRECT,False,False,stable_correct
dpql_2873,correct,-0.0,0.0,1,0.0,CORRECT,30,1.0,0.0,0.0,PERSON,13,2000,CORRECT,False,False,stable_correct
dpql_2873,obvious_wrong,-0.0,0.0,1,0.0,INCORRECT,30,0.0,1.0,0.0,PERSON,13,2000,INCORRECT,False,False,stable_correct
dpql_4567,confusing_wrong,-0.0,0.0,1,0.0,INCORRECT,30,0.0,1.0,0.0,LOCATION,12,2000,INCORRECT,False,False,stable_correct
dpql_4567,correct,-0.0,0.0,1,0.0,CORRECT,30,1.0,0.0,0.0,LOCATION,12,2000,CORRECT,False,False,stable_correct
dpql_4567,obvious_wrong,-0.0,0.0,1,0.0,INCORRECT,30,0.0,1.0,0.0,LOCATION,12,2000,INCORRECT,False,False,stable_correct
dpql_4570,confusing_wrong,-0.0,0.0,1,0.0,INCORRECT,30,0.0,1.0,0.0,ORG,11,2000,INCORRECT,False,False,stable_correct
dpql_4570,correct,-0.0,0.0,1,0.0,CORRECT,30,1.0,0.0,0.0,ORG,11,2000,CORRECT,False,False,stable_correct
dpql_4570,obvious_wrong,-0.0,0.0,1,0.0,INCORRECT,30,0.0,1.0,0.0,ORG,11,2000,INCORRECT,False,False,stable_correct
dpql_4687,confusing_wrong,-0.0,0.0,1,0.0,INCORRECT,30,0.0,1.0,0.0,LOCATION,11,1282,INCORRECT,False,False,stable_correct
dpql_4687,correct,-0.0,0.0,1,0.0,CORRECT,30,1.0,0.0,0.0,LOCATION,11,1282,CORRECT,False,False,stable_correct
dpql_4687,obvious_wrong,-0.0,0.0,1,0.0,INCORRECT,30,0.0,1.0,0.0,LOCATION,11,1282,INCORRECT,False,False,stable_correct
dpql_4977,confusing_wrong,-0.0,0.0,1,0.0,INCORRECT,30,0.0,1.0,0.0,LOCATION,11,546,INCORRECT,False,False,stable_correct
dpql_4977,correct,-0.0,0.0,1,0.0,CORRECT,30,1.0,0.0,0.0,LOCATION,11,546,CORRECT,False,False,stable_correct
dpql_4977,obvious_wrong,-0.0,0.0,1,0.0,INCORRECT,30,0.0,1.0,0.0,LOCATION,11,546,INCORRECT,False,False,stable_correct
dpql_5290,confusing_wrong,-0.0,0.0,1,0.0,INCORRECT,30,0.0,1.0,0.0,PERSON,13,2000,INCORRECT,False,False,stable_correct
dpql_5290,correct,0.24493002679463532,0.3533593350214213,2,0.06666666666666667,INCORRECT,30,0.0,0.9333333333333333,0.06666666666666667,PERSON,13,2000,CORRECT,True,True,both
dpql_5290,obvious_wrong,-0.0,0.0,1,0.0,INCORRECT,30,0.0,1.0,0.0,PERSON,13,2000,INCORRECT,False,False,stable_correct
dpql_5765,confusing_wrong,-0.0,0.0,1,0.0,INCORRECT,30,0.0,1.0,0.0,PERSON,9,2000,INCORRECT,False,False,stable_correct
dpql_5765,correct,-0.0,0.0,1,0.0,CORRECT,30,1.0,0.0,0.0,PERSON,9,2000,CORRECT,False,False,stable_correct
dpql_5765,obvious_wrong,-0.0,0.0,1,0.0,INCORRECT,30,0.0,1.0,0.0,PERSON,9,2000,INCORRECT,False,False,stable_correct
jp_165,confusing_wrong,0.5799151714181009,0.8366407419411673,2,0.26666666666666666,INCORRECT,30,0.0,0.7333333333333333,0.26666666666666666,ORG,8,2000,INCORRECT,True,False,unstable_only
jp_165,correct,-0.0,0.0,1,0.0,CORRECT,30,1.0,0.0,0.0,ORG,8,2000,CORRECT,False,False,stable_correct
jp_165,obvious_wrong,-0.0,0.0,1,0.0,INCORRECT,30,0.0,1.0,0.0,ORG,8,2000,INCORRECT,False,False,stable_correct
jp_1832,confusing_wrong,-0.0,0.0,1,0.0,INCORRECT,30,0.0,1.0,0.0,LOCATION,9,2000,INCORRECT,False,False,stable_correct
jp_1832,correct,-0.0,0.0,1,0.0,CORRECT,30,1.0,0.0,0.0,LOCATION,9,2000,CORRECT,False,False,stable_correct
jp_1832,obvious_wrong,-0.0,0.0,1,0.0,INCORRECT,30,0.0,1.0,0.0,LOCATION,9,2000,INCORRECT,False,False,stable_correct
jp_1928,confusing_wrong,-0.0,0.0,1,0.0,INCORRECT,30,0.0,1.0,0.0,PERSON,9,1605,INCORRECT,False,False,stable_correct
jp_1928,correct,-0.0,0.0,1,0.0,CORRECT,30,1.0,0.0,0.0,PERSON,9,1605,CORRECT,False,False,stable_correct
jp_1928,obvious_wrong,-0.0,0.0,1,0.0,INCORRECT,30,0.0,1.0,0.0,PERSON,9,1605,INCORRECT,False,False,stable_correct
jp_2115,confusing_wrong,-0.0,0.0,1,0.0,INCORRECT,30,0.0,1.0,0.0,LOCATION,7,2000,INCORRECT,False,False,stable_correct
jp_2115,correct,-0.0,0.0,1,0.0,CORRECT,30,1.0,0.0,0.0,LOCATION,7,2000,CORRECT,False,False,stable_correct
jp_2115,obvious_wrong,-0.0,0.0,1,0.0,INCORRECT,30,0.0,1.0,0.0,LOCATION,7,2000,INCORRECT,False,False,stable_correct
jp_2283,confusing_wrong,-0.0,0.0,1,0.0,INCORRECT,30,0.0,1.0,0.0,ORG,5,2000,INCORRECT,False,False,stable_correct
jp_2283,correct,-0.0,0.0,1,0.0,CORRECT,30,1.0,0.0,0.0,ORG,5,2000,CORRECT,False,False,stable_correct
jp_2283,obvious_wrong,-0.0,0.0,1,0.0,CORRECT,30,1.0,0.0,0.0,ORG,5,2000,INCORRECT,False,True,mismatch_only
jp_2490,confusing_wrong,-0.0,0.0,1,0.0,INCORRECT,30,0.0,1.0,0.0,PERSON,7,2000,INCORRECT,False,False,stable_correct
jp_2490,correct,-0.0,0.0,1,0.0,CORRECT,30,1.0,0.0,0.0,PERSON,7,2000,CORRECT,False,False,stable_correct
jp_2490,obvious_wrong,-0.0,0.0,1,0.0,INCORRECT,30,0.0,1.0,0.0,PERSON,7,2000,INCORRECT,False,False,stable_correct
jp_3390,confusing_wrong,-0.0,0.0,1,0.0,INCORRECT,30,0.0,1.0,0.0,PERSON,5,2000,INCORRECT,False,False,stable_correct
jp_3390,correct,-0.0,0.0,1,0.0,CORRECT,30,1.0,0.0,0.0,PERSON,5,2000,CORRECT,False,False,stable_correct
jp_3390,obvious_wrong,-0.0,0.0,1,0.0,INCORRECT,30,0.0,1.0,0.0,PERSON,5,2000,INCORRECT,False,False,stable_correct
jp_4278,confusing_wrong,-0.0,0.0,1,0.0,INCORRECT,30,0.0,1.0,0.0,ORG,12,260,INCORRECT,False,False,stable_correct
jp_4278,correct,-0.0,0.0,1,0.0,CORRECT,30,1.0,0.0,0.0,ORG,12,260,CORRECT,False,False,stable_correct
jp_4278,obvious_wrong,-0.0,0.0,1,0.0,INCORRECT,30,0.0,1.0,0.0,ORG,12,260,INCORRECT,False,False,stable_correct
jp_4376,confusing_wrong,-0.0,0.0,1,0.0,INCORRECT,30,0.0,1.0,0.0,ORG,16,2000,INCORRECT,False,False,stable_correct
jp_4376,correct,0.24493002679463532,0.3533593350214213,2,0.06666666666666667,UNSURE,30,0.0,0.06666666666666667,0.9333333333333333,ORG,16,2000,CORRECT,True,True,both
jp_4376,obvious_wrong,-0.0,0.0,1,0.0,INCORRECT,30,0.0,1.0,0.0,ORG,16,2000,INCORRECT,False,False,stable_correct
jp_777,confusing_wrong,-0.0,0.0,1,0.0,INCORRECT,30,0.0,1.0,0.0,ORG,9,2000,INCORRECT,False,False,stable_correct
jp_777,correct,-0.0,0.0,1,0.0,CORRECT,30,1.0,0.0,0.0,ORG,9,2000,CORRECT,False,False,stable_correct
jp_777,obvious_wrong,-0.0,0.0,1,0.0,INCORRECT,30,0.0,1.0,0.0,ORG,9,2000,INCORRECT,False,False,stable_correct
odql_10060,confusing_wrong,-0.0,0.0,1,0.0,INCORRECT,30,0.0,1.0,0.0,OTHER,13,2000,INCORRECT,False,False,stable_correct
odql_10060,correct,-0.0,0.0,1,0.0,INCORRECT,30,0.0,1.0,0.0,OTHER,13,2000,CORRECT,False,True,mismatch_only
odql_10060,obvious_wrong,-0.0,0.0,1,0.0,INCORRECT,30,0.0,1.0,0.0,OTHER,13,2000,INCORRECT,False,False,stable_correct
odql_12322,confusing_wrong,-0.0,0.0,1,0.0,INCORRECT,30,0.0,1.0,0.0,PERSON,9,2000,INCORRECT,False,False,stable_correct
odql_12322,correct,-0.0,0.0,1,0.0,CORRECT,30,1.0,0.0,0.0,PERSON,9,2000,CORRECT,False,False,stable_correct
odql_12322,obvious_wrong,-0.0,0.0,1,0.0,INCORRECT,30,0.0,1.0,0.0,PERSON,9,2000,INCORRECT,False,False,stable_correct
odql_12607,confusing_wrong,-0.0,0.0,1,0.0,INCORRECT,30,0.0,1.0,0.0,PERSON,24,2000,INCORRECT,False,False,stable_correct
odql_12607,correct,-0.0,0.0,1,0.0,INCORRECT,30,0.0,1.0,0.0,PERSON,24,2000,CORRECT,False,True,mismatch_only
odql_12607,obvious_wrong,-0.0,0.0,1,0.0,INCORRECT,30,0.0,1.0,0.0,PERSON,24,2000,INCORRECT,False,False,stable_correct
odql_12857,confusing_wrong,-0.0,0.0,1,0.0,INCORRECT,30,0.0,1.0,0.0,LOCATION,10,2000,INCORRECT,False,False,stable_correct
odql_12857,correct,-0.0,0.0,1,0.0,CORRECT,30,1.0,0.0,0.0,LOCATION,10,2000,CORRECT,False,False,stable_correct
odql_12857,obvious_wrong,-0.0,0.0,1,0.0,INCORRECT,30,0.0,1.0,0.0,LOCATION,10,2000,INCORRECT,False,False,stable_correct
odql_13271,confusing_wrong,-0.0,0.0,1,0.0,INCORRECT,30,0.0,1.0,0.0,PERSON,16,1694,INCORRECT,False,False,stable_correct
odql_13271,correct,-0.0,0.0,1,0.0,CORRECT,30,1.0,0.0,0.0,PERSON,16,1694,CORRECT,False,False,stable_correct
odql_13271,obvious_wrong,-0.0,0.0,1,0.0,INCORRECT,30,0.0,1.0,0.0,PERSON,16,1694,INCORRECT,False,False,stable_correct
odql_13385,confusing_wrong,-0.0,0.0,1,0.0,INCORRECT,30,0.0,1.0,0.0,ORG,10,854,INCORRECT,False,False,stable_correct
odql_13385,correct,-0.0,0.0,1,0.0,CORRECT,30,1.0,0.0,0.0,ORG,10,854,CORRECT,False,False,stable_correct
odql_13385,obvious_wrong,-0.0,0.0,1,0.0,INCORRECT,30,0.0,1.0,0.0,ORG,10,854,INCORRECT,False,False,stable_correct
odql_13434,confusing_wrong,-0.0,0.0,1,0.0,INCORRECT,30,0.0,1.0,0.0,ORG,13,2000,INCORRECT,False,False,stable_correct
odql_13434,correct,-0.0,0.0,1,0.0,CORRECT,30,1.0,0.0,0.0,ORG,13,2000,CORRECT,False,False,stable_correct
odql_13434,obvious_wrong,-0.0,0.0,1,0.0,INCORRECT,30,0.0,1.0,0.0,ORG,13,2000,INCORRECT,False,False,stable_correct
odql_13739,confusing_wrong,-0.0,0.0,1,0.0,INCORRECT,30,0.0,1.0,0.0,OTHER,14,2000,INCORRECT,False,False,stable_correct
odql_13739,correct,0.24493002679463532,0.3533593350214213,2,0.06666666666666667,CORRECT,30,0.9333333333333333,0.06666666666666667,0.0,OTHER,14,2000,CORRECT,True,False,unstable_only
odql_13739,obvious_wrong,-0.0,0.0,1,0.0,INCORRECT,30,0.0,1.0,0.0,OTHER,14,2000,INCORRECT,False,False,stable_correct
odql_14204,confusing_wrong,-0.0,0.0,1,0.0,INCORRECT,30,0.0,1.0,0.0,LOCATION,15,1538,INCORRECT,False,False,stable_correct
odql_14204,correct,-0.0,0.0,1,0.0,CORRECT,30,1.0,0.0,0.0,LOCATION,15,1538,CORRECT,False,False,stable_correct
odql_14204,obvious_wrong,-0.0,0.0,1,0.0,INCORRECT,30,0.0,1.0,0.0,LOCATION,15,1538,INCORRECT,False,False,stable_correct
odql_14247,confusing_wrong,-0.0,0.0,1,0.0,INCORRECT,30,0.0,1.0,0.0,DATE,14,2000,INCORRECT,False,False,stable_correct
odql_14247,correct,-0.0,0.0,1,0.0,INCORRECT,30,0.0,1.0,0.0,DATE,14,2000,CORRECT,False,True,mismatch_only
odql_14247,obvious_wrong,-0.0,0.0,1,0.0,INCORRECT,30,0.0,1.0,0.0,DATE,14,2000,INCORRECT,False,False,stable_correct
odql_14578,confusing_wrong,-0.0,0.0,1,0.0,INCORRECT,30,0.0,1.0,0.0,ORG,17,2000,INCORRECT,False,False,stable_correct
odql_14578,correct,-0.0,0.0,1,0.0,INCORRECT,30,0.0,1.0,0.0,ORG,17,2000,CORRECT,False,True,mismatch_only
odql_14578,obvious_wrong,-0.0,0.0,1,0.0,INCORRECT,30,0.0,1.0,0.0,ORG,17,2000,INCORRECT,False,False,stable_correct
odql_2221,confusing_wrong,-0.0,0.0,1,0.0,INCORRECT,30,0.0,1.0,0.0,ORG,15,332,INCORRECT,False,False,stable_correct
odql_2221,correct,-0.0,0.0,1,0.0,CORRECT,30,1.0,0.0,0.0,ORG,15,332,CORRECT,False,False,stable_correct
odql_2221,obvious_wrong,-0.0,0.0,1,0.0,INCORRECT,30,0.0,1.0,0.0,ORG,15,332,INCORRECT,False,False,stable_correct
odql_2963,confusing_wrong,-0.0,0.0,1,0.0,INCORRECT,30,0.0,1.0,0.0,PERSON,20,2000,INCORRECT,False,False,stable_correct
odql_2963,correct,-0.0,0.0,1,0.0,CORRECT,30,1.0,0.0,0.0,PERSON,20,2000,CORRECT,False,False,stable_correct
odql_2963,obvious_wrong,-0.0,0.0,1,0.0,INCORRECT,30,0.0,1.0,0.0,PERSON,20,2000,INCORRECT,False,False,stable_correct
odql_3626,confusing_wrong,-0.0,0.0,1,0.0,INCORRECT,30,0.0,1.0,0.0,ORG,11,1514,INCORRECT,False,False,stable_correct
odql_3626,correct,-0.0,0.0,1,0.0,CORRECT,30,1.0,0.0,0.0,ORG,11,1514,CORRECT,False,False,stable_correct
odql_3626,obvious_wrong,-0.0,0.0,1,0.0,INCORRECT,30,0.0,1.0,0.0,ORG,11,1514,INCORRECT,False,False,stable_correct
odql_4122,confusing_wrong,-0.0,0.0,1,0.0,INCORRECT,30,0.0,1.0,0.0,OTHER,16,2000,INCORRECT,False,False,stable_correct
odql_4122,correct,-0.0,0.0,1,0.0,CORRECT,30,1.0,0.0,0.0,OTHER,16,2000,CORRECT,False,False,stable_correct
odql_4122,obvious_wrong,-0.0,0.0,1,0.0,INCORRECT,30,0.0,1.0,0.0,OTHER,16,2000,INCORRECT,False,False,stable_correct
odql_5120,confusing_wrong,-0.0,0.0,1,0.0,INCORRECT,30,0.0,1.0,0.0,PERSON,15,2000,INCORRECT,False,False,stable_correct
odql_5120,correct,0.9097944822721153,0.8281306259327341,3,0.36666666666666664,CORRECT,30,0.6333333333333333,0.2,0.16666666666666666,PERSON,15,2000,CORRECT,True,False,unstable_only
odql_5120,obvious_wrong,-0.0,0.0,1,0.0,INCORRECT,30,0.0,1.0,0.0,PERSON,15,2000,INCORRECT,False,False,stable_correct
odql_5141,confusing_wrong,-0.0,0.0,1,0.0,INCORRECT,30,0.0,1.0,0.0,LOCATION,5,2000,INCORRECT,False,False,stable_correct
odql_5141,correct,0.6931471805599453,1.0,2,0.5,INCORRECT,30,0.0,0.5,0.5,LOCATION,5,2000,CORRECT,True,True,both
odql_5141,obvious_wrong,-0.0,0.0,1,0.0,INCORRECT,30,0.0,1.0,0.0,LOCATION,5,2000,INCORRECT,False,False,stable_correct
odql_5758,confusing_wrong,-0.0,0.0,1,0.0,INCORRECT,30,0.0,1.0,0.0,OTHER,13,2000,INCORRECT,False,False,stable_correct
odql_5758,correct,1.0386088352168543,0.9453825029355898,3,0.5,UNSURE,30,0.23333333333333334,0.26666666666666666,0.5,OTHER,13,2000,CORRECT,True,True,both
odql_5758,obvious_wrong,-0.0,0.0,1,0.0,INCORRECT,30,0.0,1.0,0.0,OTHER,13,2000,INCORRECT,False,False,stable_correct
odql_5818,confusing_wrong,-0.0,0.0,1,0.0,INCORRECT,30,0.0,1.0,0.0,PERSON,8,2000,INCORRECT,False,False,stable_correct
odql_5818,correct,-0.0,0.0,1,0.0,INCORRECT,30,0.0,1.0,0.0,PERSON,8,2000,CORRECT,False,True,mismatch_only
odql_5818,obvious_wrong,-0.0,0.0,1,0.0,INCORRECT,30,0.0,1.0,0.0,PERSON,8,2000,INCORRECT,False,False,stable_correct
odql_5884,confusing_wrong,-0.0,0.0,1,0.0,INCORRECT,30,0.0,1.0,0.0,OTHER,10,2000,INCORRECT,False,False,stable_correct
odql_5884,correct,-0.0,0.0,1,0.0,CORRECT,30,1.0,0.0,0.0,OTHER,10,2000,CORRECT,False,False,stable_correct
odql_5884,obvious_wrong,-0.0,0.0,1,0.0,INCORRECT,30,0.0,1.0,0.0,OTHER,10,2000,INCORRECT,False,False,stable_correct
odql_6612,confusing_wrong,-0.0,0.0,1,0.0,INCORRECT,30,0.0,1.0,0.0,OTHER,13,2000,INCORRECT,False,False,stable_correct
odql_6612,correct,-0.0,0.0,1,0.0,CORRECT,30,1.0,0.0,0.0,OTHER,13,2000,CORRECT,False,False,stable_correct
odql_6612,obvious_wrong,-0.0,0.0,1,0.0,INCORRECT,30,0.0,1.0,0.0,OTHER,13,2000,INCORRECT,False,False,stable_correct
odql_7173,confusing_wrong,-0.0,0.0,1,0.0,INCORRECT,30,0.0,1.0,0.0,ORG,9,2000,INCORRECT,False,False,stable_correct
odql_7173,correct,-0.0,0.0,1,0.0,CORRECT,30,1.0,0.0,0.0,ORG,9,2000,CORRECT,False,False,stable_correct
odql_7173,obvious_wrong,-0.0,0.0,1,0.0,INCORRECT,30,0.0,1.0,0.0,ORG,9,2000,INCORRECT,False,False,stable_correct
odql_761,confusing_wrong,-0.0,0.0,1,0.0,INCORRECT,30,0.0,1.0,0.0,PERSON,14,2000,INCORRECT,False,False,stable_correct
odql_761,correct,-0.0,0.0,1,0.0,INCORRECT,30,0.0,1.0,0.0,PERSON,14,2000,CORRECT,False,True,mismatch_only
odql_761,obvious_wrong,-0.0,0.0,1,0.0,INCORRECT,30,0.0,1.0,0.0,PERSON,14,2000,INCORRECT,False,False,stable_correct
odql_8192,confusing_wrong,-0.0,0.0,1,0.0,INCORRECT,30,0.0,1.0,0.0,ORG,28,2000,INCORRECT,False,False,stable_correct
odql_8192,correct,-0.0,0.0,1,0.0,CORRECT,30,1.0,0.0,0.0,ORG,28,2000,CORRECT,False,False,stable_correct
odql_8192,obvious_wrong,-0.0,0.0,1,0.0,INCORRECT,30,0.0,1.0,0.0,ORG,28,2000,INCORRECT,False,False,stable_correct
odql_8433,confusing_wrong,-0.0,0.0,1,0.0,INCORRECT,30,0.0,1.0,0.0,ORG,10,1638,INCORRECT,False,False,stable_correct
odql_8433,correct,-0.0,0.0,1,0.0,INCORRECT,30,0.0,1.0,0.0,ORG,10,1638,CORRECT,False,True,mismatch_only
odql_8433,obvious_wrong,-0.0,0.0,1,0.0,INCORRECT,30,0.0,1.0,0.0,ORG,10,1638,INCORRECT,False,False,stable_correct
odql_872,confusing_wrong,-0.0,0.0,1,0.0,INCORRECT,30,0.0,1.0,0.0,ORG,8,1298,INCORRECT,False,False,stable_correct
odql_872,correct,0.3250829733914482,0.46899559358928117,2,0.1,UNSURE,30,0.0,0.1,0.9,ORG,8,1298,CORRECT,True,True,both
odql_872,obvious_wrong,0.6931471805599453,1.0,2,0.5,INCORRECT,30,0.0,0.5,0.5,ORG,8,1298,INCORRECT,True,False,unstable_only
odql_9260,confusing_wrong,-0.0,0.0,1,0.0,INCORRECT,30,0.0,1.0,0.0,OTHER,16,2000,INCORRECT,False,False,stable_correct
odql_9260,correct,-0.0,0.0,1,0.0,CORRECT,30,1.0,0.0,0.0,OTHER,16,2000,CORRECT,False,False,stable_correct
odql_9260,obvious_wrong,-0.0,0.0,1,0.0,INCORRECT,30,0.0,1.0,0.0,OTHER,16,2000,INCORRECT,False,False,stable_correct
qb_1253,confusing_wrong,-0.0,0.0,1,0.0,INCORRECT,30,0.0,1.0,0.0,PERSON,11,2000,INCORRECT,False,False,stable_correct
qb_1253,correct,-0.0,0.0,1,0.0,INCORRECT,30,0.0,1.0,0.0,PERSON,11,2000,CORRECT,False,True,mismatch_only
qb_1253,obvious_wrong,-0.0,0.0,1,0.0,INCORRECT,30,0.0,1.0,0.0,PERSON,11,2000,INCORRECT,False,False,stable_correct
qb_1556,confusing_wrong,-0.0,0.0,1,0.0,INCORRECT,30,0.0,1.0,0.0,PERSON,9,474,INCORRECT,False,False,stable_correct
qb_1556,correct,-0.0,0.0,1,0.0,CORRECT,30,1.0,0.0,0.0,PERSON,9,474,CORRECT,False,False,stable_correct
qb_1556,obvious_wrong,-0.0,0.0,1,0.0,INCORRECT,30,0.0,1.0,0.0,PERSON,9,474,INCORRECT,False,False,stable_correct
qb_1652,confusing_wrong,-0.0,0.0,1,0.0,INCORRECT,30,0.0,1.0,0.0,PERSON,14,2000,INCORRECT,False,False,stable_correct
qb_1652,correct,-0.0,0.0,1,0.0,INCORRECT,30,0.0,1.0,0.0,PERSON,14,2000,CORRECT,False,True,mismatch_only
qb_1652,obvious_wrong,-0.0,0.0,1,0.0,INCORRECT,30,0.0,1.0,0.0,PERSON,14,2000,INCORRECT,False,False,stable_correct
qb_1901,confusing_wrong,-0.0,0.0,1,0.0,INCORRECT,30,0.0,1.0,0.0,ORG,6,306,INCORRECT,False,False,stable_correct
qb_1901,correct,-0.0,0.0,1,0.0,CORRECT,30,1.0,0.0,0.0,ORG,6,306,CORRECT,False,False,stable_correct
qb_1901,obvious_wrong,-0.0,0.0,1,0.0,INCORRECT,30,0.0,1.0,0.0,ORG,6,306,INCORRECT,False,False,stable_correct
qb_3065,confusing_wrong,-0.0,0.0,1,0.0,INCORRECT,30,0.0,1.0,0.0,ORG,8,904,INCORRECT,False,False,stable_correct
qb_3065,correct,-0.0,0.0,1,0.0,INCORRECT,30,0.0,1.0,0.0,ORG,8,904,CORRECT,False,True,mismatch_only
qb_3065,obvious_wrong,-0.0,0.0,1,0.0,INCORRECT,30,0.0,1.0,0.0,ORG,8,904,INCORRECT,False,False,stable_correct
qb_3614,confusing_wrong,-0.0,0.0,1,0.0,INCORRECT,30,0.0,1.0,0.0,PERSON,8,2000,INCORRECT,False,False,stable_correct
qb_3614,correct,-0.0,0.0,1,0.0,INCORRECT,30,0.0,1.0,0.0,PERSON,8,2000,CORRECT,False,True,mismatch_only
qb_3614,obvious_wrong,-0.0,0.0,1,0.0,INCORRECT,30,0.0,1.0,0.0,PERSON,8,2000,INCORRECT,False,False,stable_correct
qb_3703,confusing_wrong,-0.0,0.0,1,0.0,INCORRECT,30,0.0,1.0,0.0,ORG,11,2000,INCORRECT,False,False,stable_correct
qb_3703,correct,-0.0,0.0,1,0.0,INCORRECT,30,0.0,1.0,0.0,ORG,11,2000,CORRECT,False,True,mismatch_only
qb_3703,obvious_wrong,-0.0,0.0,1,0.0,INCORRECT,30,0.0,1.0,0.0,ORG,11,2000,INCORRECT,False,False,stable_correct
qb_3822,confusing_wrong,-0.0,0.0,1,0.0,INCORRECT,30,0.0,1.0,0.0,LOCATION,19,2000,INCORRECT,False,False,stable_correct
qb_3822,correct,-0.0,0.0,1,0.0,CORRECT,30,1.0,0.0,0.0,LOCATION,19,2000,CORRECT,False,False,stable_correct
qb_3822,obvious_wrong,-0.0,0.0,1,0.0,INCORRECT,30,0.0,1.0,0.0,LOCATION,19,2000,INCORRECT,False,False,stable_correct
qb_4301,confusing_wrong,-0.0,0.0,1,0.0,INCORRECT,30,0.0,1.0,0.0,OTHER,6,1793,INCORRECT,False,False,stable_correct
qb_4301,correct,0.5004024235381879,0.7219280948873623,2,0.2,UNSURE,30,0.0,0.2,0.8,OTHER,6,1793,CORRECT,True,True,both
qb_4301,obvious_wrong,-0.0,0.0,1,0.0,INCORRECT,30,0.0,1.0,0.0,OTHER,6,1793,INCORRECT,False,False,stable_correct
qb_60,confusing_wrong,-0.0,0.0,1,0.0,INCORRECT,30,0.0,1.0,0.0,LOCATION,11,1336,INCORRECT,False,False,stable_correct
qb_60,correct,-0.0,0.0,1,0.0,CORRECT,30,1.0,0.0,0.0,LOCATION,11,1336,CORRECT,False,False,stable_correct
qb_60,obvious_wrong,-0.0,0.0,1,0.0,INCORRECT,30,0.0,1.0,0.0,LOCATION,11,1336,INCORRECT,False,False,stable_correct
qb_7060,confusing_wrong,-0.0,0.0,1,0.0,INCORRECT,30,0.0,1.0,0.0,PERSON,15,2000,INCORRECT,False,False,stable_correct
qb_7060,correct,0.6842317651303003,0.9871377743721862,2,0.43333333333333335,UNSURE,30,0.0,0.43333333333333335,0.5666666666666667,PERSON,15,2000,CORRECT,True,True,both
qb_7060,obvious_wrong,-0.0,0.0,1,0.0,INCORRECT,30,0.0,1.0,0.0,PERSON,15,2000,INCORRECT,False,False,stable_correct
qb_7691,confusing_wrong,-0.0,0.0,1,0.0,INCORRECT,30,0.0,1.0,0.0,LOCATION,11,2000,INCORRECT,False,False,stable_correct
qb_7691,correct,-0.0,0.0,1,0.0,CORRECT,30,1.0,0.0,0.0,LOCATION,11,2000,CORRECT,False,False,stable_correct
qb_7691,obvious_wrong,-0.0,0.0,1,0.0,INCORRECT,30,0.0,1.0,0.0,LOCATION,11,2000,INCORRECT,False,False,stable_correct
qb_7790,confusing_wrong,-0.0,0.0,1,0.0,INCORRECT,30,0.0,1.0,0.0,LOCATION,19,1251,INCORRECT,False,False,stable_correct
qb_7790,correct,-0.0,0.0,1,0.0,CORRECT,30,1.0,0.0,0.0,LOCATION,19,1251,CORRECT,False,False,stable_correct
qb_7790,obvious_wrong,-0.0,0.0,1,0.0,INCORRECT,30,0.0,1.0,0.0,LOCATION,19,1251,INCORRECT,False,False,stable_correct
qb_8367,confusing_wrong,-0.0,0.0,1,0.0,INCORRECT,30,0.0,1.0,0.0,PERSON,21,2000,INCORRECT,False,False,stable_correct
qb_8367,correct,-0.0,0.0,1,0.0,CORRECT,30,1.0,0.0,0.0,PERSON,21,2000,CORRECT,False,False,stable_correct
qb_8367,obvious_wrong,-0.0,0.0,1,0.0,INCORRECT,30,0.0,1.0,0.0,PERSON,21,2000,INCORRECT,False,False,stable_correct
qb_8444,confusing_wrong,-0.0,0.0,1,0.0,INCORRECT,30,0.0,1.0,0.0,PERSON,9,2000,INCORRECT,False,False,stable_correct
qb_8444,correct,-0.0,0.0,1,0.0,CORRECT,30,1.0,0.0,0.0,PERSON,9,2000,CORRECT,False,False,stable_correct
qb_8444,obvious_wrong,-0.0,0.0,1,0.0,INCORRECT,30,0.0,1.0,0.0,PERSON,9,2000,INCORRECT,False,False,stable_correct
qb_8477,confusing_wrong,-0.0,0.0,1,0.0,INCORRECT,30,0.0,1.0,0.0,OTHER,12,2000,INCORRECT,False,False,stable_correct
qb_8477,correct,0.24493002679463532,0.3533593350214213,2,0.06666666666666667,INCORRECT,30,0.0,0.9333333333333333,0.06666666666666667,OTHER,12,2000,CORRECT,True,True,both
qb_8477,obvious_wrong,-0.0,0.0,1,0.0,INCORRECT,30,0.0,1.0,0.0,OTHER,12,2000,INCORRECT,False,False,stable_correct
qb_9009,confusing_wrong,-0.0,0.0,1,0.0,INCORRECT,30,0.0,1.0,0.0,ORG,33,2000,INCORRECT,False,False,stable_correct
qb_9009,correct,-0.0,0.0,1,0.0,CORRECT,30,1.0,0.0,0.0,ORG,33,2000,CORRECT,False,False,stable_correct
qb_9009,obvious_wrong,-0.0,0.0,1,0.0,INCORRECT,30,0.0,1.0,0.0,ORG,33,2000,INCORRECT,False,False,stable_correct
qb_9992,confusing_wrong,-0.0,0.0,1,0.0,INCORRECT,30,0.0,1.0,0.0,PERSON,14,2000,INCORRECT,False,False,stable_correct
qb_9992,correct,-0.0,0.0,1,0.0,CORRECT,30,1.0,0.0,0.0,PERSON,14,2000,CORRECT,False,False,stable_correct
qb_9992,obvious_wrong,-0.0,0.0,1,0.0,INCORRECT,30,0.0,1.0,0.0,PERSON,14,2000,INCORRECT,False,False,stable_correct
qf_1647,confusing_wrong,-0.0,0.0,1,0.0,INCORRECT,30,0.0,1.0,0.0,PERSON,11,2000,INCORRECT,False,False,stable_correct
qf_1647,correct,-0.0,0.0,1,0.0,INCORRECT,30,0.0,1.0,0.0,PERSON,11,2000,CORRECT,False,True,mismatch_only
qf_1647,obvious_wrong,-0.0,0.0,1,0.0,INCORRECT,30,0.0,1.0,0.0,PERSON,11,2000,INCORRECT,False,False,stable_correct
qf_2335,confusing_wrong,-0.0,0.0,1,0.0,INCORRECT,30,0.0,1.0,0.0,ORG,11,312,INCORRECT,False,False,stable_correct
qf_2335,correct,-0.0,0.0,1,0.0,INCORRECT,30,0.0,1.0,0.0,ORG,11,312,CORRECT,False,True,mismatch_only
qf_2335,obvious_wrong,-0.0,0.0,1,0.0,INCORRECT,30,0.0,1.0,0.0,ORG,11,312,INCORRECT,False,False,stable_correct
qf_3190,confusing_wrong,-0.0,0.0,1,0.0,INCORRECT,30,0.0,1.0,0.0,OTHER,12,2000,INCORRECT,False,False,stable_correct
qf_3190,correct,-0.0,0.0,1,0.0,CORRECT,30,1.0,0.0,0.0,OTHER,12,2000,CORRECT,False,False,stable_correct
qf_3190,obvious_wrong,-0.0,0.0,1,0.0,INCORRECT,30,0.0,1.0,0.0,OTHER,12,2000,INCORRECT,False,False,stable_correct
qf_3619,confusing_wrong,-0.0,0.0,1,0.0,INCORRECT,30,0.0,1.0,0.0,OTHER,8,2000,INCORRECT,False,False,stable_correct
qf_3619,correct,-0.0,0.0,1,0.0,INCORRECT,30,0.0,1.0,0.0,OTHER,8,2000,CORRECT,False,True,mismatch_only
qf_3619,obvious_wrong,-0.0,0.0,1,0.0,INCORRECT,30,0.0,1.0,0.0,OTHER,8,2000,INCORRECT,False,False,stable_correct
qf_506,confusing_wrong,-0.0,0.0,1,0.0,INCORRECT,30,0.0,1.0,0.0,PERSON,12,2000,INCORRECT,False,False,stable_correct
qf_506,correct,-0.0,0.0,1,0.0,INCORRECT,30,0.0,1.0,0.0,PERSON,12,2000,CORRECT,False,True,mismatch_only
qf_506,obvious_wrong,-0.0,0.0,1,0.0,INCORRECT,30,0.0,1.0,0.0,PERSON,12,2000,INCORRECT,False,False,stable_correct
qg_1054,confusing_wrong,-0.0,0.0,1,0.0,INCORRECT,30,0.0,1.0,0.0,PERSON,18,2000,INCORRECT,False,False,stable_correct
qg_1054,correct,-0.0,0.0,1,0.0,CORRECT,30,1.0,0.0,0.0,PERSON,18,2000,CORRECT,False,False,stable_correct
qg_1054,obvious_wrong,-0.0,0.0,1,0.0,INCORRECT,30,0.0,1.0,0.0,PERSON,18,2000,INCORRECT,False,False,stable_correct
qg_1166,confusing_wrong,-0.0,0.0,1,0.0,INCORRECT,30,0.0,1.0,0.0,PERSON,33,2000,INCORRECT,False,False,stable_correct
qg_1166,correct,-0.0,0.0,1,0.0,CORRECT,30,1.0,0.0,0.0,PERSON,33,2000,CORRECT,False,False,stable_correct
qg_1166,obvious_wrong,-0.0,0.0,1,0.0,INCORRECT,30,0.0,1.0,0.0,PERSON,33,2000,INCORRECT,False,False,stable_correct
qg_1199,confusing_wrong,-0.0,0.0,1,0.0,INCORRECT,30,0.0,1.0,0.0,ORG,15,1604,INCORRECT,False,False,stable_correct
qg_1199,correct,-0.0,0.0,1,0.0,INCORRECT,30,0.0,1.0,0.0,ORG,15,1604,CORRECT,False,True,mismatch_only
qg_1199,obvious_wrong,-0.0,0.0,1,0.0,INCORRECT,30,0.0,1.0,0.0,ORG,15,1604,INCORRECT,False,False,stable_correct
qg_1234,confusing_wrong,-0.0,0.0,1,0.0,INCORRECT,30,0.0,1.0,0.0,PERSON,12,2000,INCORRECT,False,False,stable_correct
qg_1234,correct,-0.0,0.0,1,0.0,CORRECT,30,1.0,0.0,0.0,PERSON,12,2000,CORRECT,False,False,stable_correct
qg_1234,obvious_wrong,-0.0,0.0,1,0.0,INCORRECT,30,0.0,1.0,0.0,PERSON,12,2000,INCORRECT,False,False,stable_correct
qg_236,confusing_wrong,-0.0,0.0,1,0.0,INCORRECT,30,0.0,1.0,0.0,ORG,23,2000,INCORRECT,False,False,stable_correct
qg_236,correct,-0.0,0.0,1,0.0,CORRECT,30,1.0,0.0,0.0,ORG,23,2000,CORRECT,False,False,stable_correct
qg_236,obvious_wrong,-0.0,0.0,1,0.0,INCORRECT,30,0.0,1.0,0.0,ORG,23,2000,INCORRECT,False,False,stable_correct
qg_2678,confusing_wrong,-0.0,0.0,1,0.0,INCORRECT,30,0.0,1.0,0.0,PERSON,12,2000,INCORRECT,False,False,stable_correct
qg_2678,correct,-0.0,0.0,1,0.0,CORRECT,30,1.0,0.0,0.0,PERSON,12,2000,CORRECT,False,False,stable_correct
qg_2678,obvious_wrong,-0.0,0.0,1,0.0,INCORRECT,30,0.0,1.0,0.0,PERSON,12,2000,INCORRECT,False,False,stable_correct
qg_3523,confusing_wrong,-0.0,0.0,1,0.0,INCORRECT,30,0.0,1.0,0.0,ORG,24,2000,INCORRECT,False,False,stable_correct
qg_3523,correct,-0.0,0.0,1,0.0,CORRECT,30,1.0,0.0,0.0,ORG,24,2000,CORRECT,False,False,stable_correct
qg_3523,obvious_wrong,-0.0,0.0,1,0.0,INCORRECT,30,0.0,1.0,0.0,ORG,24,2000,INCORRECT,False,False,stable_correct
qg_3766,confusing_wrong,-0.0,0.0,1,0.0,INCORRECT,30,0.0,1.0,0.0,NUMBER,13,1490,INCORRECT,False,False,stable_correct
qg_3766,correct,-0.0,0.0,1,0.0,CORRECT,30,1.0,0.0,0.0,NUMBER,13,1490,CORRECT,False,False,stable_correct
qg_3766,obvious_wrong,-0.0,0.0,1,0.0,INCORRECT,30,0.0,1.0,0.0,NUMBER,13,1490,INCORRECT,False,False,stable_correct
qg_857,confusing_wrong,-0.0,0.0,1,0.0,INCORRECT,30,0.0,1.0,0.0,PERSON,47,2000,INCORRECT,False,False,stable_correct
qg_857,correct,-0.0,0.0,1,0.0,CORRECT,30,1.0,0.0,0.0,PERSON,47,2000,CORRECT,False,False,stable_correct
qg_857,obvious_wrong,-0.0,0.0,1,0.0,INCORRECT,30,0.0,1.0,0.0,PERSON,47,2000,INCORRECT,False,False,stable_correct
qg_984,confusing_wrong,-0.0,0.0,1,0.0,INCORRECT,30,0.0,1.0,0.0,PERSON,23,2000,INCORRECT,False,False,stable_correct
qg_984,correct,0.6842317651303003,0.9871377743721862,2,0.43333333333333335,CORRECT,30,0.5666666666666667,0.43333333333333335,0.0,PERSON,23,2000,CORRECT,True,False,unstable_only
qg_984,obvious_wrong,-0.0,0.0,1,0.0,INCORRECT,30,0.0,1.0,0.0,PERSON,23,2000,INCORRECT,False,False,stable_correct
qw_10130,confusing_wrong,-0.0,0.0,1,0.0,INCORRECT,30,0.0,1.0,0.0,PERSON,14,176,INCORRECT,False,False,stable_correct
qw_10130,correct,-0.0,0.0,1,0.0,INCORRECT,30,0.0,1.0,0.0,PERSON,14,176,CORRECT,False,True,mismatch_only
qw_10130,obvious_wrong,-0.0,0.0,1,0.0,INCORRECT,30,0.0,1.0,0.0,PERSON,14,176,INCORRECT,False,False,stable_correct
qw_11526,confusing_wrong,-0.0,0.0,1,0.0,INCORRECT,30,0.0,1.0,0.0,LOCATION,6,2000,INCORRECT,False,False,stable_correct
qw_11526,correct,-0.0,0.0,1,0.0,CORRECT,30,1.0,0.0,0.0,LOCATION,6,2000,CORRECT,False,False,stable_correct
qw_11526,obvious_wrong,-0.0,0.0,1,0.0,INCORRECT,30,0.0,1.0,0.0,LOCATION,6,2000,INCORRECT,False,False,stable_correct
qw_12459,confusing_wrong,-0.0,0.0,1,0.0,INCORRECT,30,0.0,1.0,0.0,LOCATION,33,2000,INCORRECT,False,False,stable_correct
qw_12459,correct,-0.0,0.0,1,0.0,CORRECT,30,1.0,0.0,0.0,LOCATION,33,2000,CORRECT,False,False,stable_correct
qw_12459,obvious_wrong,-0.0,0.0,1,0.0,INCORRECT,30,0.0,1.0,0.0,LOCATION,33,2000,INCORRECT,False,False,stable_correct
qw_1253,confusing_wrong,-0.0,0.0,1,0.0,INCORRECT,30,0.0,1.0,0.0,LOCATION,8,2000,INCORRECT,False,False,stable_correct
qw_1253,correct,-0.0,0.0,1,0.0,CORRECT,30,1.0,0.0,0.0,LOCATION,8,2000,CORRECT,False,False,stable_correct
qw_1253,obvious_wrong,-0.0,0.0,1,0.0,INCORRECT,30,0.0,1.0,0.0,LOCATION,8,2000,INCORRECT,False,False,stable_correct
qw_14649,confusing_wrong,-0.0,0.0,1,0.0,INCORRECT,30,0.0,1.0,0.0,PERSON,9,2000,INCORRECT,False,False,stable_correct
qw_14649,correct,0.6571577614973405,0.9480782435939054,2,0.36666666666666664,INCORRECT,30,0.0,0.6333333333333333,0.36666666666666664,PERSON,9,2000,CORRECT,True,True,both
qw_14649,obvious_wrong,-0.0,0.0,1,0.0,INCORRECT,30,0.0,1.0,0.0,PERSON,9,2000,INCORRECT,False,False,stable_correct
qw_15162,confusing_wrong,-0.0,0.0,1,0.0,INCORRECT,30,0.0,1.0,0.0,LOCATION,15,158,INCORRECT,False,False,stable_correct
qw_15162,correct,-0.0,0.0,1,0.0,CORRECT,30,1.0,0.0,0.0,LOCATION,15,158,CORRECT,False,False,stable_correct
qw_15162,obvious_wrong,-0.0,0.0,1,0.0,INCORRECT,30,0.0,1.0,0.0,LOCATION,15,158,INCORRECT,False,False,stable_correct
qw_15186,confusing_wrong,-0.0,0.0,1,0.0,INCORRECT,30,0.0,1.0,0.0,PERSON,33,2000,INCORRECT,False,False,stable_correct
qw_15186,correct,-0.0,0.0,1,0.0,INCORRECT,30,0.0,1.0,0.0,PERSON,33,2000,CORRECT,False,True,mismatch_only
qw_15186,obvious_wrong,-0.0,0.0,1,0.0,INCORRECT,30,0.0,1.0,0.0,PERSON,33,2000,INCORRECT,False,False,stable_correct
qw_1989,confusing_wrong,-0.0,0.0,1,0.0,INCORRECT,30,0.0,1.0,0.0,OTHER,10,2000,INCORRECT,False,False,stable_correct
qw_1989,correct,-0.0,0.0,1,0.0,CORRECT,30,1.0,0.0,0.0,OTHER,10,2000,CORRECT,False,False,stable_correct
qw_1989,obvious_wrong,-0.0,0.0,1,0.0,INCORRECT,30,0.0,1.0,0.0,OTHER,10,2000,INCORRECT,False,False,stable_correct
qw_2135,confusing_wrong,-0.0,0.0,1,0.0,INCORRECT,30,0.0,1.0,0.0,OTHER,13,2000,INCORRECT,False,False,stable_correct
qw_2135,correct,-0.0,0.0,1,0.0,CORRECT,30,1.0,0.0,0.0,OTHER,13,2000,CORRECT,False,False,stable_correct
qw_2135,obvious_wrong,-0.0,0.0,1,0.0,INCORRECT,30,0.0,1.0,0.0,OTHER,13,2000,INCORRECT,False,False,stable_correct
qw_2235,confusing_wrong,-0.0,0.0,1,0.0,INCORRECT,30,0.0,1.0,0.0,OTHER,14,2000,INCORRECT,False,False,stable_correct
qw_2235,correct,-0.0,0.0,1,0.0,CORRECT,30,1.0,0.0,0.0,OTHER,14,2000,CORRECT,False,False,stable_correct
qw_2235,obvious_wrong,-0.0,0.0,1,0.0,INCORRECT,30,0.0,1.0,0.0,OTHER,14,2000,INCORRECT,False,False,stable_correct
qw_3435,confusing_wrong,-0.0,0.0,1,0.0,INCORRECT,30,0.0,1.0,0.0,PERSON,10,1810,INCORRECT,False,False,stable_correct
qw_3435,correct,-0.0,0.0,1,0.0,CORRECT,30,1.0,0.0,0.0,PERSON,10,1810,CORRECT,False,False,stable_correct
qw_3435,obvious_wrong,-0.0,0.0,1,0.0,INCORRECT,30,0.0,1.0,0.0,PERSON,10,1810,INCORRECT,False,False,stable_correct
qw_3723,confusing_wrong,-0.0,0.0,1,0.0,INCORRECT,30,0.0,1.0,0.0,PERSON,24,750,INCORRECT,False,False,stable_correct
qw_3723,correct,-0.0,0.0,1,0.0,CORRECT,30,1.0,0.0,0.0,PERSON,24,750,CORRECT,False,False,stable_correct
qw_3723,obvious_wrong,-0.0,0.0,1,0.0,INCORRECT,30,0.0,1.0,0.0,PERSON,24,750,INCORRECT,False,False,stable_correct
qw_5896,confusing_wrong,-0.0,0.0,1,0.0,INCORRECT,30,0.0,1.0,0.0,ORG,45,2000,INCORRECT,False,False,stable_correct
qw_5896,correct,-0.0,0.0,1,0.0,CORRECT,30,1.0,0.0,0.0,ORG,45,2000,CORRECT,False,False,stable_correct
qw_5896,obvious_wrong,-0.0,0.0,1,0.0,INCORRECT,30,0.0,1.0,0.0,ORG,45,2000,INCORRECT,False,False,stable_correct
qw_6046,confusing_wrong,-0.0,0.0,1,0.0,INCORRECT,30,0.0,1.0,0.0,LOCATION,16,2000,INCORRECT,False,False,stable_correct
qw_6046,correct,-0.0,0.0,1,0.0,CORRECT,30,1.0,0.0,0.0,LOCATION,16,2000,CORRECT,False,False,stable_correct
qw_6046,obvious_wrong,-0.0,0.0,1,0.0,INCORRECT,30,0.0,1.0,0.0,LOCATION,16,2000,INCORRECT,False,False,stable_correct
qw_6504,confusing_wrong,-0.0,0.0,1,0.0,INCORRECT,30,0.0,1.0,0.0,ORG,12,2000,INCORRECT,False,False,stable_correct
qw_6504,correct,-0.0,0.0,1,0.0,INCORRECT,30,0.0,1.0,0.0,ORG,12,2000,CORRECT,False,True,mismatch_only
qw_6504,obvious_wrong,-0.0,0.0,1,0.0,INCORRECT,30,0.0,1.0,0.0,ORG,12,2000,INCORRECT,False,False,stable_correct
qw_66,confusing_wrong,-0.0,0.0,1,0.0,INCORRECT,30,0.0,1.0,0.0,LOCATION,12,2000,INCORRECT,False,False,stable_correct
qw_66,correct,0.6108643020548935,0.8812908992306927,2,0.3,INCORRECT,30,0.0,0.7,0.3,LOCATION,12,2000,CORRECT,True,True,both
qw_66,obvious_wrong,-0.0,0.0,1,0.0,INCORRECT,30,0.0,1.0,0.0,LOCATION,12,2000,INCORRECT,False,False,stable_correct
qw_6986,confusing_wrong,-0.0,0.0,1,0.0,INCORRECT,30,0.0,1.0,0.0,LOCATION,13,2000,INCORRECT,False,False,stable_correct
qw_6986,correct,-0.0,0.0,1,0.0,CORRECT,30,1.0,0.0,0.0,LOCATION,13,2000,CORRECT,False,False,stable_correct
qw_6986,obvious_wrong,-0.0,0.0,1,0.0,INCORRECT,30,0.0,1.0,0.0,LOCATION,13,2000,INCORRECT,False,False,stable_correct
qw_8134,confusing_wrong,-0.0,0.0,1,0.0,INCORRECT,30,0.0,1.0,0.0,DATE,18,2000,INCORRECT,False,False,stable_correct
qw_8134,correct,-0.0,0.0,1,0.0,CORRECT,30,1.0,0.0,0.0,DATE,18,2000,CORRECT,False,False,stable_correct
qw_8134,obvious_wrong,-0.0,0.0,1,0.0,INCORRECT,30,0.0,1.0,0.0,DATE,18,2000,INCORRECT,False,False,stable_correct
qw_8467,confusing_wrong,-0.0,0.0,1,0.0,INCORRECT,30,0.0,1.0,0.0,PERSON,7,2000,INCORRECT,False,False,stable_correct
qw_8467,correct,0.24493002679463532,0.3533593350214213,2,0.06666666666666667,UNSURE,30,0.0,0.06666666666666667,0.9333333333333333,PERSON,7,2000,CORRECT,True,True,both
qw_8467,obvious_wrong,-0.0,0.0,1,0.0,INCORRECT,30,0.0,1.0,0.0,PERSON,7,2000,INCORRECT,False,False,stable_correct
qw_9666,confusing_wrong,-0.0,0.0,1,0.0,INCORRECT,30,0.0,1.0,0.0,PERSON,13,918,INCORRECT,False,False,stable_correct
qw_9666,correct,-0.0,0.0,1,0.0,CORRECT,30,1.0,0.0,0.0,PERSON,13,918,CORRECT,False,False,stable_correct
qw_9666,obvious_wrong,-0.0,0.0,1,0.0,INCORRECT,30,0.0,1.0,0.0,PERSON,13,918,INCORRECT,False,False,stable_correct
qz_1384,confusing_wrong,0.24493002679463532,0.3533593350214213,2,0.06666666666666667,INCORRECT,30,0.06666666666666667,0.9333333333333333,0.0,OTHER,8,2000,INCORRECT,True,False,unstable_only
qz_1384,correct,-0.0,0.0,1,0.0,CORRECT,30,1.0,0.0,0.0,OTHER,8,2000,CORRECT,False,False,stable_correct
qz_1384,obvious_wrong,-0.0,0.0,1,0.0,INCORRECT,30,0.0,1.0,0.0,OTHER,8,2000,INCORRECT,False,False,stable_correct
qz_1794,confusing_wrong,-0.0,0.0,1,0.0,INCORRECT,30,0.0,1.0,0.0,ORG,9,2000,INCORRECT,False,False,stable_correct
qz_1794,correct,-0.0,0.0,1,0.0,CORRECT,30,1.0,0.0,0.0,ORG,9,2000,CORRECT,False,False,stable_correct
qz_1794,obvious_wrong,-0.0,0.0,1,0.0,INCORRECT,30,0.0,1.0,0.0,ORG,9,2000,INCORRECT,False,False,stable_correct
qz_3237,confusing_wrong,-0.0,0.0,1,0.0,INCORRECT,30,0.0,1.0,0.0,LOCATION,15,2000,INCORRECT,False,False,stable_correct
qz_3237,correct,-0.0,0.0,1,0.0,CORRECT,30,1.0,0.0,0.0,LOCATION,15,2000,CORRECT,False,False,stable_correct
qz_3237,obvious_wrong,-0.0,0.0,1,0.0,INCORRECT,30,0.0,1.0,0.0,LOCATION,15,2000,INCORRECT,False,False,stable_correct
qz_3833,confusing_wrong,-0.0,0.0,1,0.0,INCORRECT,30,0.0,1.0,0.0,LOCATION,18,2000,INCORRECT,False,False,stable_correct
qz_3833,correct,-0.0,0.0,1,0.0,INCORRECT,30,0.0,1.0,0.0,LOCATION,18,2000,CORRECT,False,True,mismatch_only
qz_3833,obvious_wrong,-0.0,0.0,1,0.0,INCORRECT,30,0.0,1.0,0.0,LOCATION,18,2000,INCORRECT,False,False,stable_correct
qz_5867,confusing_wrong,-0.0,0.0,1,0.0,INCORRECT,30,0.0,1.0,0.0,OTHER,24,2000,INCORRECT,False,False,stable_correct
qz_5867,correct,-0.0,0.0,1,0.0,CORRECT,30,1.0,0.0,0.0,OTHER,24,2000,CORRECT,False,False,stable_correct
qz_5867,obvious_wrong,-0.0,0.0,1,0.0,INCORRECT,30,0.0,1.0,0.0,OTHER,24,2000,INCORRECT,False,False,stable_correct
sfq_10619,confusing_wrong,-0.0,0.0,1,0.0,INCORRECT,30,0.0,1.0,0.0,OTHER,13,2000,INCORRECT,False,False,stable_correct
sfq_10619,correct,-0.0,0.0,1,0.0,CORRECT,30,1.0,0.0,0.0,OTHER,13,2000,CORRECT,False,False,stable_correct
sfq_10619,obvious_wrong,-0.0,0.0,1,0.0,INCORRECT,30,0.0,1.0,0.0,OTHER,13,2000,INCORRECT,False,False,stable_correct
sfq_11641,confusing_wrong,-0.0,0.0,1,0.0,INCORRECT,30,0.0,1.0,0.0,OTHER,7,2000,INCORRECT,False,False,stable_correct
sfq_11641,correct,-0.0,0.0,1,0.0,CORRECT,30,1.0,0.0,0.0,OTHER,7,2000,CORRECT,False,False,stable_correct
sfq_11641,obvious_wrong,-0.0,0.0,1,0.0,INCORRECT,30,0.0,1.0,0.0,OTHER,7,2000,INCORRECT,False,False,stable_correct
sfq_11799,confusing_wrong,-0.0,0.0,1,0.0,INCORRECT,30,0.0,1.0,0.0,ORG,15,1005,INCORRECT,False,False,stable_correct
sfq_11799,correct,-0.0,0.0,1,0.0,CORRECT,30,1.0,0.0,0.0,ORG,15,1005,CORRECT,False,False,stable_correct
sfq_11799,obvious_wrong,-0.0,0.0,1,0.0,INCORRECT,30,0.0,1.0,0.0,ORG,15,1005,INCORRECT,False,False,stable_correct
sfq_1201,confusing_wrong,-0.0,0.0,1,0.0,INCORRECT,30,0.0,1.0,0.0,PERSON,15,2000,INCORRECT,False,False,stable_correct
sfq_1201,correct,0.39267446722755217,0.5665095065529053,2,0.13333333333333333,CORRECT,30,0.8666666666666667,0.13333333333333333,0.0,PERSON,15,2000,CORRECT,True,False,unstable_only
sfq_1201,obvious_wrong,-0.0,0.0,1,0.0,INCORRECT,30,0.0,1.0,0.0,PERSON,15,2000,INCORRECT,False,False,stable_correct
sfq_12863,confusing_wrong,-0.0,0.0,1,0.0,INCORRECT,30,0.0,1.0,0.0,DATE,20,2000,INCORRECT,False,False,stable_correct
sfq_12863,correct,0.1461447460085638,0.21084230031853216,2,0.03333333333333333,CORRECT,30,0.9666666666666667,0.03333333333333333,0.0,DATE,20,2000,CORRECT,True,False,unstable_only
sfq_12863,obvious_wrong,-0.0,0.0,1,0.0,INCORRECT,30,0.0,1.0,0.0,DATE,20,2000,INCORRECT,False,False,stable_correct
sfq_1303,confusing_wrong,-0.0,0.0,1,0.0,INCORRECT,30,0.0,1.0,0.0,PERSON,13,2000,INCORRECT,False,False,stable_correct
sfq_1303,correct,-0.0,0.0,1,0.0,INCORRECT,30,0.0,1.0,0.0,PERSON,13,2000,CORRECT,False,True,mismatch_only
sfq_1303,obvious_wrong,-0.0,0.0,1,0.0,INCORRECT,30,0.0,1.0,0.0,PERSON,13,2000,INCORRECT,False,False,stable_correct
sfq_13492,confusing_wrong,-0.0,0.0,1,0.0,INCORRECT,30,0.0,1.0,0.0,OTHER,8,2000,INCORRECT,False,False,stable_correct
sfq_13492,correct,-0.0,0.0,1,0.0,INCORRECT,30,0.0,1.0,0.0,OTHER,8,2000,CORRECT,False,True,mismatch_only
sfq_13492,obvious_wrong,-0.0,0.0,1,0.0,INCORRECT,30,0.0,1.0,0.0,OTHER,8,2000,INCORRECT,False,False,stable_correct
sfq_14106,confusing_wrong,-0.0,0.0,1,0.0,INCORRECT,30,0.0,1.0,0.0,ORG,17,2000,INCORRECT,False,False,stable_correct
sfq_14106,correct,-0.0,0.0,1,0.0,INCORRECT,30,0.0,1.0,0.0,ORG,17,2000,CORRECT,False,True,mismatch_only
sfq_14106,obvious_wrong,-0.0,0.0,1,0.0,INCORRECT,30,0.0,1.0,0.0,ORG,17,2000,INCORRECT,False,False,stable_correct
sfq_14380,confusing_wrong,-0.0,0.0,1,0.0,INCORRECT,30,0.0,1.0,0.0,PERSON,18,2000,INCORRECT,False,False,stable_correct
sfq_14380,correct,0.6909233093138181,0.9967916319816367,2,0.4666666666666667,UNSURE,30,0.0,0.4666666666666667,0.5333333333333333,PERSON,18,2000,CORRECT,True,True,both
sfq_14380,obvious_wrong,-0.0,0.0,1,0.0,INCORRECT,30,0.0,1.0,0.0,PERSON,18,2000,INCORRECT,False,False,stable_correct
sfq_1470,confusing_wrong,-0.0,0.0,1,0.0,INCORRECT,30,0.0,1.0,0.0,ORG,23,2000,INCORRECT,False,False,stable_correct
sfq_1470,correct,-0.0,0.0,1,0.0,INCORRECT,30,0.0,1.0,0.0,ORG,23,2000,CORRECT,False,True,mismatch_only
sfq_1470,obvious_wrong,-0.0,0.0,1,0.0,INCORRECT,30,0.0,1.0,0.0,ORG,23,2000,INCORRECT,False,False,stable_correct
sfq_15660,confusing_wrong,-0.0,0.0,1,0.0,INCORRECT,30,0.0,1.0,0.0,DATE,12,2000,INCORRECT,False,False,stable_correct
sfq_15660,correct,-0.0,0.0,1,0.0,CORRECT,30,1.0,0.0,0.0,DATE,12,2000,CORRECT,False,False,stable_correct
sfq_15660,obvious_wrong,-0.0,0.0,1,0.0,INCORRECT,30,0.0,1.0,0.0,DATE,12,2000,INCORRECT,False,False,stable_correct
sfq_16056,confusing_wrong,-0.0,0.0,1,0.0,INCORRECT,30,0.0,1.0,0.0,LOCATION,9,2000,INCORRECT,False,False,stable_correct
sfq_16056,correct,-0.0,0.0,1,0.0,CORRECT,30,1.0,0.0,0.0,LOCATION,9,2000,CORRECT,False,False,stable_correct
sfq_16056,obvious_wrong,-0.0,0.0,1,0.0,INCORRECT,30,0.0,1.0,0.0,LOCATION,9,2000,INCORRECT,False,False,stable_correct
sfq_16067,confusing_wrong,-0.0,0.0,1,0.0,INCORRECT,30,0.0,1.0,0.0,ORG,7,2000,INCORRECT,False,False,stable_correct
sfq_16067,correct,-0.0,0.0,1,0.0,CORRECT,30,1.0,0.0,0.0,ORG,7,2000,CORRECT,False,False,stable_correct
sfq_16067,obvious_wrong,-0.0,0.0,1,0.0,INCORRECT,30,0.0,1.0,0.0,ORG,7,2000,INCORRECT,False,False,stable_correct
sfq_16988,confusing_wrong,-0.0,0.0,1,0.0,INCORRECT,30,0.0,1.0,0.0,OTHER,7,1360,INCORRECT,False,False,stable_correct
sfq_16988,correct,-0.0,0.0,1,0.0,CORRECT,30,1.0,0.0,0.0,OTHER,7,1360,CORRECT,False,False,stable_correct
sfq_16988,obvious_wrong,-0.0,0.0,1,0.0,INCORRECT,30,0.0,1.0,0.0,OTHER,7,1360,INCORRECT,False,False,stable_correct
sfq_17874,confusing_wrong,-0.0,0.0,1,0.0,INCORRECT,30,0.0,1.0,0.0,OTHER,15,2000,INCORRECT,False,False,stable_correct
sfq_17874,correct,0.45056120886630463,0.6500224216483541,2,0.16666666666666666,INCORRECT,30,0.16666666666666666,0.8333333333333334,0.0,OTHER,15,2000,CORRECT,True,True,both
sfq_17874,obvious_wrong,-0.0,0.0,1,0.0,INCORRECT,30,0.0,1.0,0.0,OTHER,15,2000,INCORRECT,False,False,stable_correct
sfq_18352,confusing_wrong,-0.0,0.0,1,0.0,INCORRECT,30,0.0,1.0,0.0,ORG,21,2000,INCORRECT,False,False,stable_correct
sfq_18352,correct,-0.0,0.0,1,0.0,CORRECT,30,1.0,0.0,0.0,ORG,21,2000,CORRECT,False,False,stable_correct
sfq_18352,obvious_wrong,-0.0,0.0,1,0.0,INCORRECT,30,0.0,1.0,0.0,ORG,21,2000,INCORRECT,False,False,stable_correct
sfq_20180,confusing_wrong,-0.0,0.0,1,0.0,INCORRECT,30,0.0,1.0,0.0,ORG,7,2000,INCORRECT,False,False,stable_correct
sfq_20180,correct,-0.0,0.0,1,0.0,UNSURE,30,0.0,0.0,1.0,ORG,7,2000,CORRECT,False,True,mismatch_only
sfq_20180,obvious_wrong,-0.0,0.0,1,0.0,INCORRECT,30,0.0,1.0,0.0,ORG,7,2000,INCORRECT,False,False,stable_correct
sfq_20635,confusing_wrong,-0.0,0.0,1,0.0,INCORRECT,30,0.0,1.0,0.0,ORG,8,468,INCORRECT,False,False,stable_correct
sfq_20635,correct,-0.0,0.0,1,0.0,CORRECT,30,1.0,0.0,0.0,ORG,8,468,CORRECT,False,False,stable_correct
sfq_20635,obvious_wrong,-0.0,0.0,1,0.0,INCORRECT,30,0.0,1.0,0.0,ORG,8,468,INCORRECT,False,False,stable_correct
sfq_20692,confusing_wrong,-0.0,0.0,1,0.0,INCORRECT,30,0.0,1.0,0.0,ORG,12,2000,INCORRECT,False,False,stable_correct
sfq_20692,correct,-0.0,0.0,1,0.0,CORRECT,30,1.0,0.0,0.0,ORG,12,2000,CORRECT,False,False,stable_correct
sfq_20692,obvious_wrong,-0.0,0.0,1,0.0,INCORRECT,30,0.0,1.0,0.0,ORG,12,2000,INCORRECT,False,False,stable_correct
sfq_20838,confusing_wrong,-0.0,0.0,1,0.0,INCORRECT,30,0.0,1.0,0.0,ORG,9,2000,INCORRECT,False,False,stable_correct
sfq_20838,correct,-0.0,0.0,1,0.0,CORRECT,30,1.0,0.0,0.0,ORG,9,2000,CORRECT,False,False,stable_correct
sfq_20838,obvious_wrong,-0.0,0.0,1,0.0,INCORRECT,30,0.0,1.0,0.0,ORG,9,2000,INCORRECT,False,False,stable_correct
sfq_21008,confusing_wrong,-0.0,0.0,1,0.0,INCORRECT,30,0.0,1.0,0.0,OTHER,5,2000,INCORRECT,False,False,stable_correct
sfq_21008,correct,-0.0,0.0,1,0.0,CORRECT,30,1.0,0.0,0.0,OTHER,5,2000,CORRECT,False,False,stable_correct
sfq_21008,obvious_wrong,-0.0,0.0,1,0.0,INCORRECT,30,0.0,1.0,0.0,OTHER,5,2000,INCORRECT,False,False,stable_correct
sfq_2101,confusing_wrong,-0.0,0.0,1,0.0,INCORRECT,30,0.0,1.0,0.0,PERSON,9,2000,INCORRECT,False,False,stable_correct
sfq_2101,correct,-0.0,0.0,1,0.0,CORRECT,30,1.0,0.0,0.0,PERSON,9,2000,CORRECT,False,False,stable_correct
sfq_2101,obvious_wrong,-0.0,0.0,1,0.0,INCORRECT,30,0.0,1.0,0.0,PERSON,9,2000,INCORRECT,False,False,stable_correct
sfq_21478,confusing_wrong,-0.0,0.0,1,0.0,INCORRECT,30,0.0,1.0,0.0,PERSON,15,2000,INCORRECT,False,False,stable_correct
sfq_21478,correct,-0.0,0.0,1,0.0,INCORRECT,30,0.0,1.0,0.0,PERSON,15,2000,CORRECT,False,True,mismatch_only
sfq_21478,obvious_wrong,-0.0,0.0,1,0.0,INCORRECT,30,0.0,1.0,0.0,PERSON,15,2000,INCORRECT,False,False,stable_correct
sfq_22127,confusing_wrong,-0.0,0.0,1,0.0,INCORRECT,30,0.0,1.0,0.0,NUMBER,13,2000,INCORRECT,False,False,stable_correct
sfq_22127,correct,-0.0,0.0,1,0.0,INCORRECT,30,0.0,1.0,0.0,NUMBER,13,2000,CORRECT,False,True,mismatch_only
sfq_22127,obvious_wrong,-0.0,0.0,1,0.0,INCORRECT,30,0.0,1.0,0.0,NUMBER,13,2000,INCORRECT,False,False,stable_correct
sfq_22144,confusing_wrong,-0.0,0.0,1,0.0,INCORRECT,30,0.0,1.0,0.0,PERSON,7,2000,INCORRECT,False,False,stable_correct
sfq_22144,correct,0.45056120886630463,0.6500224216483541,2,0.16666666666666666,CORRECT,30,0.8333333333333334,0.16666666666666666,0.0,PERSON,7,2000,CORRECT,True,False,unstable_only
sfq_22144,obvious_wrong,-0.0,0.0,1,0.0,INCORRECT,30,0.0,1.0,0.0,PERSON,7,2000,INCORRECT,False,False,stable_correct
sfq_22467,confusing_wrong,0.24493002679463532,0.3533593350214213,2,0.06666666666666667,UNSURE,30,0.0,0.06666666666666667,0.9333333333333333,DATE,10,361,INCORRECT,True,True,both
sfq_22467,correct,-0.0,0.0,1,0.0,UNSURE,30,0.0,0.0,1.0,DATE,10,361,CORRECT,False,True,mismatch_only
sfq_22467,obvious_wrong,-0.0,0.0,1,0.0,INCORRECT,30,0.0,1.0,0.0,DATE,10,361,INCORRECT,False,False,stable_correct
sfq_23498,confusing_wrong,-0.0,0.0,1,0.0,INCORRECT,30,0.0,1.0,0.0,ORG,9,2000,INCORRECT,False,False,stable_correct
sfq_23498,correct,-0.0,0.0,1,0.0,CORRECT,30,1.0,0.0,0.0,ORG,9,2000,CORRECT,False,False,stable_correct
sfq_23498,obvious_wrong,-0.0,0.0,1,0.0,INCORRECT,30,0.0,1.0,0.0,ORG,9,2000,INCORRECT,False,False,stable_correct
sfq_23738,confusing_wrong,-0.0,0.0,1,0.0,INCORRECT,30,0.0,1.0,0.0,ORG,7,351,INCORRECT,False,False,stable_correct
sfq_23738,correct,-0.0,0.0,1,0.0,CORRECT,30,1.0,0.0,0.0,ORG,7,351,CORRECT,False,False,stable_correct
sfq_23738,obvious_wrong,-0.0,0.0,1,0.0,INCORRECT,30,0.0,1.0,0.0,ORG,7,351,INCORRECT,False,False,stable_correct
sfq_23895,confusing_wrong,-0.0,0.0,1,0.0,INCORRECT,30,0.0,1.0,0.0,ORG,20,2000,INCORRECT,False,False,stable_correct
sfq_23895,correct,0.6365141682948128,0.9182958340544894,2,0.3333333333333333,UNSURE,30,0.0,0.3333333333333333,0.6666666666666666,ORG,20,2000,CORRECT,True,True,both
sfq_23895,obvious_wrong,-0.0,0.0,1,0.0,INCORRECT,30,0.0,1.0,0.0,ORG,20,2000,INCORRECT,False,False,stable_correct
sfq_24054,confusing_wrong,-0.0,0.0,1,0.0,INCORRECT,30,0.0,1.0,0.0,PERSON,17,407,INCORRECT,False,False,stable_correct
sfq_24054,correct,-0.0,0.0,1,0.0,UNSURE,30,0.0,0.0,1.0,PERSON,17,407,CORRECT,False,True,mismatch_only
sfq_24054,obvious_wrong,-0.0,0.0,1,0.0,INCORRECT,30,0.0,1.0,0.0,PERSON,17,407,INCORRECT,False,False,stable_correct
sfq_24119,confusing_wrong,-0.0,0.0,1,0.0,INCORRECT,30,0.0,1.0,0.0,NUMBER,13,2000,INCORRECT,False,False,stable_correct
sfq_24119,correct,-0.0,0.0,1,0.0,CORRECT,30,1.0,0.0,0.0,NUMBER,13,2000,CORRECT,False,False,stable_correct
sfq_24119,obvious_wrong,-0.0,0.0,1,0.0,INCORRECT,30,0.0,1.0,0.0,NUMBER,13,2000,INCORRECT,False,False,stable_correct
sfq_2501,confusing_wrong,-0.0,0.0,1,0.0,INCORRECT,30,0.0,1.0,0.0,PERSON,7,977,INCORRECT,False,False,stable_correct
sfq_2501,correct,-0.0,0.0,1,0.0,CORRECT,30,1.0,0.0,0.0,PERSON,7,977,CORRECT,False,False,stable_correct
sfq_2501,obvious_wrong,-0.0,0.0,1,0.0,INCORRECT,30,0.0,1.0,0.0,PERSON,7,977,INCORRECT,False,False,stable_correct
sfq_25100,confusing_wrong,-0.0,0.0,1,0.0,INCORRECT,30,0.0,1.0,0.0,ORG,21,2000,INCORRECT,False,False,stable_correct
sfq_25100,correct,-0.0,0.0,1,0.0,CORRECT,30,1.0,0.0,0.0,ORG,21,2000,CORRECT,False,False,stable_correct
sfq_25100,obvious_wrong,-0.0,0.0,1,0.0,INCORRECT,30,0.0,1.0,0.0,ORG,21,2000,INCORRECT,False,False,stable_correct
sfq_25538,confusing_wrong,-0.0,0.0,1,0.0,INCORRECT,30,0.0,1.0,0.0,PERSON,15,2000,INCORRECT,False,False,stable_correct
sfq_25538,correct,-0.0,0.0,1,0.0,CORRECT,30,1.0,0.0,0.0,PERSON,15,2000,CORRECT,False,False,stable_correct
sfq_25538,obvious_wrong,-0.0,0.0,1,0.0,INCORRECT,30,0.0,1.0,0.0,PERSON,15,2000,INCORRECT,False,False,stable_correct
sfq_26204,confusing_wrong,-0.0,0.0,1,0.0,UNSURE,30,0.0,0.0,1.0,OTHER,9,2000,INCORRECT,False,True,mismatch_only
sfq_26204,correct,-0.0,0.0,1,0.0,UNSURE,30,0.0,0.0,1.0,OTHER,9,2000,CORRECT,False,True,mismatch_only
sfq_26204,obvious_wrong,-0.0,0.0,1,0.0,INCORRECT,30,0.0,1.0,0.0,OTHER,9,2000,INCORRECT,False,False,stable_correct
sfq_2746,confusing_wrong,-0.0,0.0,1,0.0,INCORRECT,30,0.0,1.0,0.0,LOCATION,8,2000,INCORRECT,False,False,stable_correct
sfq_2746,correct,-0.0,0.0,1,0.0,INCORRECT,30,0.0,1.0,0.0,LOCATION,8,2000,CORRECT,False,True,mismatch_only
sfq_2746,obvious_wrong,-0.0,0.0,1,0.0,INCORRECT,30,0.0,1.0,0.0,LOCATION,8,2000,INCORRECT,False,False,stable_correct
sfq_2805,confusing_wrong,-0.0,0.0,1,0.0,INCORRECT,30,0.0,1.0,0.0,PERSON,14,2000,INCORRECT,False,False,stable_correct
sfq_2805,correct,0.1461447460085638,0.21084230031853216,2,0.03333333333333333,CORRECT,30,0.9666666666666667,0.03333333333333333,0.0,PERSON,14,2000,CORRECT,True,False,unstable_only
sfq_2805,obvious_wrong,-0.0,0.0,1,0.0,INCORRECT,30,0.0,1.0,0.0,PERSON,14,2000,INCORRECT,False,False,stable_correct
sfq_3322,confusing_wrong,-0.0,0.0,1,0.0,INCORRECT,30,0.0,1.0,0.0,ORG,13,2000,INCORRECT,False,False,stable_correct
sfq_3322,correct,-0.0,0.0,1,0.0,CORRECT,30,1.0,0.0,0.0,ORG,13,2000,CORRECT,False,False,stable_correct
sfq_3322,obvious_wrong,-0.0,0.0,1,0.0,INCORRECT,30,0.0,1.0,0.0,ORG,13,2000,INCORRECT,False,False,stable_correct
sfq_4374,confusing_wrong,-0.0,0.0,1,0.0,INCORRECT,30,0.0,1.0,0.0,OTHER,12,2000,INCORRECT,False,False,stable_correct
sfq_4374,correct,-0.0,0.0,1,0.0,CORRECT,30,1.0,0.0,0.0,OTHER,12,2000,CORRECT,False,False,stable_correct
sfq_4374,obvious_wrong,-0.0,0.0,1,0.0,INCORRECT,30,0.0,1.0,0.0,OTHER,12,2000,INCORRECT,False,False,stable_correct
sfq_5747,confusing_wrong,-0.0,0.0,1,0.0,INCORRECT,30,0.0,1.0,0.0,NUMBER,8,329,INCORRECT,False,False,stable_correct
sfq_5747,correct,-0.0,0.0,1,0.0,CORRECT,30,1.0,0.0,0.0,NUMBER,8,329,CORRECT,False,False,stable_correct
sfq_5747,obvious_wrong,-0.0,0.0,1,0.0,INCORRECT,30,0.0,1.0,0.0,NUMBER,8,329,INCORRECT,False,False,stable_correct
sfq_739,confusing_wrong,-0.0,0.0,1,0.0,INCORRECT,30,0.0,1.0,0.0,PERSON,9,1406,INCORRECT,False,False,stable_correct
sfq_739,correct,-0.0,0.0,1,0.0,CORRECT,30,1.0,0.0,0.0,PERSON,9,1406,CORRECT,False,False,stable_correct
sfq_739,obvious_wrong,-0.0,0.0,1,0.0,INCORRECT,30,0.0,1.0,0.0,PERSON,9,1406,INCORRECT,False,False,stable_correct
sfq_8664,confusing_wrong,-0.0,0.0,1,0.0,INCORRECT,30,0.0,1.0,0.0,PERSON,7,2000,INCORRECT,False,False,stable_correct
sfq_8664,correct,-0.0,0.0,1,0.0,INCORRECT,30,0.0,1.0,0.0,PERSON,7,2000,CORRECT,False,True,mismatch_only
sfq_8664,obvious_wrong,-0.0,0.0,1,0.0,INCORRECT,30,0.0,1.0,0.0,PERSON,7,2000,INCORRECT,False,False,stable_correct
sfq_9742,confusing_wrong,-0.0,0.0,1,0.0,INCORRECT,30,0.0,1.0,0.0,LOCATION,6,2000,INCORRECT,False,False,stable_correct
sfq_9742,correct,-0.0,0.0,1,0.0,INCORRECT,30,0.0,1.0,0.0,LOCATION,6,2000,CORRECT,False,True,mismatch_only
sfq_9742,obvious_wrong,-0.0,0.0,1,0.0,INCORRECT,30,0.0,1.0,0.0,LOCATION,6,2000,INCORRECT,False,False,stable_correct
tb_1478,confusing_wrong,-0.0,0.0,1,0.0,INCORRECT,30,0.0,1.0,0.0,PERSON,28,2000,INCORRECT,False,False,stable_correct
tb_1478,correct,-0.0,0.0,1,0.0,INCORRECT,30,0.0,1.0,0.0,PERSON,28,2000,CORRECT,False,True,mismatch_only
tb_1478,obvious_wrong,-0.0,0.0,1,0.0,INCORRECT,30,0.0,1.0,0.0,PERSON,28,2000,INCORRECT,False,False,stable_correct
tb_1521,confusing_wrong,-0.0,0.0,1,0.0,INCORRECT,30,0.0,1.0,0.0,NUMBER,42,2000,INCORRECT,False,False,stable_correct
tb_1521,correct,-0.0,0.0,1,0.0,CORRECT,30,1.0,0.0,0.0,NUMBER,42,2000,CORRECT,False,False,stable_correct
tb_1521,obvious_wrong,-0.0,0.0,1,0.0,INCORRECT,30,0.0,1.0,0.0,NUMBER,42,2000,INCORRECT,False,False,stable_correct
tb_2018,confusing_wrong,-0.0,0.0,1,0.0,INCORRECT,30,0.0,1.0,0.0,ORG,22,2000,INCORRECT,False,False,stable_correct
tb_2018,correct,-0.0,0.0,1,0.0,CORRECT,30,1.0,0.0,0.0,ORG,22,2000,CORRECT,False,False,stable_correct
tb_2018,obvious_wrong,-0.0,0.0,1,0.0,INCORRECT,30,0.0,1.0,0.0,ORG,22,2000,INCORRECT,False,False,stable_correct
tb_2199,confusing_wrong,-0.0,0.0,1,0.0,INCORRECT,30,0.0,1.0,0.0,ORG,27,2000,INCORRECT,False,False,stable_correct
tb_2199,correct,0.39267446722755217,0.5665095065529053,2,0.13333333333333333,UNSURE,30,0.13333333333333333,0.0,0.8666666666666667,ORG,27,2000,CORRECT,True,True,both
tb_2199,obvious_wrong,-0.0,0.0,1,0.0,INCORRECT,30,0.0,1.0,0.0,ORG,27,2000,INCORRECT,False,False,stable_correct
tb_299,confusing_wrong,-0.0,0.0,1,0.0,INCORRECT,30,0.0,1.0,0.0,LOCATION,26,1087,INCORRECT,False,False,stable_correct
tb_299,correct,-0.0,0.0,1,0.0,CORRECT,30,1.0,0.0,0.0,LOCATION,26,1087,CORRECT,False,False,stable_correct
tb_299,obvious_wrong,-0.0,0.0,1,0.0,INCORRECT,30,0.0,1.0,0.0,LOCATION,26,1087,INCORRECT,False,False,stable_correct
tb_960,confusing_wrong,-0.0,0.0,1,0.0,INCORRECT,30,0.0,1.0,0.0,ORG,45,2000,INCORRECT,False,False,stable_correct
tb_960,correct,-0.0,0.0,1,0.0,INCORRECT,30,0.0,1.0,0.0,ORG,45,2000,CORRECT,False,True,mismatch_only
tb_960,obvious_wrong,-0.0,0.0,1,0.0,INCORRECT,30,0.0,1.0,0.0,ORG,45,2000,INCORRECT,False,False,stable_correct
tc_1243,confusing_wrong,-0.0,0.0,1,0.0,INCORRECT,30,0.0,1.0,0.0,OTHER,8,2000,INCORRECT,False,False,stable_correct
tc_1243,correct,-0.0,0.0,1,0.0,CORRECT,30,1.0,0.0,0.0,OTHER,8,2000,CORRECT,False,False,stable_correct
tc_1243,obvious_wrong,-0.0,0.0,1,0.0,INCORRECT,30,0.0,1.0,0.0,OTHER,8,2000,INCORRECT,False,False,stable_correct
tc_2128,confusing_wrong,-0.0,0.0,1,0.0,INCORRECT,30,0.0,1.0,0.0,ORG,12,2000,INCORRECT,False,False,stable_correct
tc_2128,correct,-0.0,0.0,1,0.0,UNSURE,30,0.0,0.0,1.0,ORG,12,2000,CORRECT,False,True,mismatch_only
tc_2128,obvious_wrong,-0.0,0.0,1,0.0,INCORRECT,30,0.0,1.0,0.0,ORG,12,2000,INCORRECT,False,False,stable_correct
tc_2505,confusing_wrong,-0.0,0.0,1,0.0,INCORRECT,30,0.0,1.0,0.0,LOCATION,11,2000,INCORRECT,False,False,stable_correct
tc_2505,correct,-0.0,0.0,1,0.0,CORRECT,30,1.0,0.0,0.0,LOCATION,11,2000,CORRECT,False,False,stable_correct
tc_2505,obvious_wrong,-0.0,0.0,1,0.0,INCORRECT,30,0.0,1.0,0.0,LOCATION,11,2000,INCORRECT,False,False,stable_correct
tc_276,confusing_wrong,-0.0,0.0,1,0.0,INCORRECT,30,0.0,1.0,0.0,PERSON,13,141,INCORRECT,False,False,stable_correct
tc_276,correct,-0.0,0.0,1,0.0,CORRECT,30,1.0,0.0,0.0,PERSON,13,141,CORRECT,False,False,stable_correct
tc_276,obvious_wrong,-0.0,0.0,1,0.0,INCORRECT,30,0.0,1.0,0.0,PERSON,13,141,INCORRECT,False,False,stable_correct
tc_2806,confusing_wrong,-0.0,0.0,1,0.0,INCORRECT,30,0.0,1.0,0.0,LOCATION,11,1810,INCORRECT,False,False,stable_correct
tc_2806,correct,-0.0,0.0,1,0.0,CORRECT,30,1.0,0.0,0.0,LOCATION,11,1810,CORRECT,False,False,stable_correct
tc_2806,obvious_wrong,-0.0,0.0,1,0.0,INCORRECT,30,0.0,1.0,0.0,LOCATION,11,1810,INCORRECT,False,False,stable_correct
wh_1332,confusing_wrong,-0.0,0.0,1,0.0,INCORRECT,30,0.0,1.0,0.0,ORG,14,2000,INCORRECT,False,False,stable_correct
wh_1332,correct,-0.0,0.0,1,0.0,CORRECT,30,1.0,0.0,0.0,ORG,14,2000,CORRECT,False,False,stable_correct
wh_1332,obvious_wrong,-0.0,0.0,1,0.0,INCORRECT,30,0.0,1.0,0.0,ORG,14,2000,INCORRECT,False,False,stable_correct
wh_1544,confusing_wrong,-0.0,0.0,1,0.0,INCORRECT,30,0.0,1.0,0.0,OTHER,24,2000,INCORRECT,False,False,stable_correct
wh_1544,correct,-0.0,0.0,1,0.0,INCORRECT,30,0.0,1.0,0.0,OTHER,24,2000,CORRECT,False,True,mismatch_only
wh_1544,obvious_wrong,-0.0,0.0,1,0.0,INCORRECT,30,0.0,1.0,0.0,OTHER,24,2000,INCORRECT,False,False,stable_correct
wh_194,confusing_wrong,-0.0,0.0,1,0.0,INCORRECT,30,0.0,1.0,0.0,ORG,20,1439,INCORRECT,False,False,stable_correct
wh_194,correct,-0.0,0.0,1,0.0,CORRECT,30,1.0,0.0,0.0,ORG,20,1439,CORRECT,False,False,stable_correct
wh_194,obvious_wrong,-0.0,0.0,1,0.0,INCORRECT,30,0.0,1.0,0.0,ORG,20,1439,INCORRECT,False,False,stable_correct
wh_2009,confusing_wrong,-0.0,0.0,1,0.0,INCORRECT,30,0.0,1.0,0.0,ORG,17,2000,INCORRECT,False,False,stable_correct
wh_2009,correct,-0.0,0.0,1,0.0,CORRECT,30,1.0,0.0,0.0,ORG,17,2000,CORRECT,False,False,stable_correct
wh_2009,obvious_wrong,-0.0,0.0,1,0.0,INCORRECT,30,0.0,1.0,0.0,ORG,17,2000,INCORRECT,False,False,stable_correct
wh_2759,confusing_wrong,-0.0,0.0,1,0.0,INCORRECT,30,0.0,1.0,0.0,ORG,24,744,INCORRECT,False,False,stable_correct
wh_2759,correct,-0.0,0.0,1,0.0,CORRECT,30,1.0,0.0,0.0,ORG,24,744,CORRECT,False,False,stable_correct
wh_2759,obvious_wrong,-0.0,0.0,1,0.0,INCORRECT,30,0.0,1.0,0.0,ORG,24,744,INCORRECT,False,False,stable_correct
wh_3424,confusing_wrong,-0.0,0.0,1,0.0,INCORRECT,30,0.0,1.0,0.0,OTHER,8,2000,INCORRECT,False,False,stable_correct
wh_3424,correct,0.5004024235381879,0.7219280948873623,2,0.2,INCORRECT,30,0.2,0.8,0.0,OTHER,8,2000,CORRECT,True,True,both
wh_3424,obvious_wrong,-0.0,0.0,1,0.0,INCORRECT,30,0.0,1.0,0.0,OTHER,8,2000,INCORRECT,False,False,stable_correct
wh_3446,confusing_wrong,-0.0,0.0,1,0.0,INCORRECT,30,0.0,1.0,0.0,ORG,16,2000,INCORRECT,False,False,stable_correct
wh_3446,correct,0.24493002679463532,0.3533593350214213,2,0.06666666666666667,INCORRECT,30,0.06666666666666667,0.9333333333333333,0.0,ORG,16,2000,CORRECT,True,True,both
wh_3446,obvious_wrong,-0.0,0.0,1,0.0,INCORRECT,30,0.0,1.0,0.0,ORG,16,2000,INCORRECT,False,False,stable_correct
wh_3853,confusing_wrong,-0.0,0.0,1,0.0,INCORRECT,30,0.0,1.0,0.0,OTHER,16,2000,INCORRECT,False,False,stable_correct
wh_3853,correct,-0.0,0.0,1,0.0,CORRECT,30,1.0,0.0,0.0,OTHER,16,2000,CORRECT,False,False,stable_correct
wh_3853,obvious_wrong,-0.0,0.0,1,0.0,INCORRECT,30,0.0,1.0,0.0,OTHER,16,2000,INCORRECT,False,False,stable_correct
wh_396,confusing_wrong,-0.0,0.0,1,0.0,INCORRECT,30,0.0,1.0,0.0,OTHER,13,2000,INCORRECT,False,False,stable_correct
wh_396,correct,-0.0,0.0,1,0.0,CORRECT,30,1.0,0.0,0.0,OTHER,13,2000,CORRECT,False,False,stable_correct
wh_396,obvious_wrong,-0.0,0.0,1,0.0,INCORRECT,30,0.0,1.0,0.0,OTHER,13,2000,INCORRECT,False,False,stable_correct
wh_684,confusing_wrong,-0.0,0.0,1,0.0,INCORRECT,30,0.0,1.0,0.0,ORG,32,2000,INCORRECT,False,False,stable_correct
wh_684,correct,-0.0,0.0,1,0.0,INCORRECT,30,0.0,1.0,0.0,ORG,32,2000,CORRECT,False,True,mismatch_only
wh_684,obvious_wrong,-0.0,0.0,1,0.0,INCORRECT,30,0.0,1.0,0.0,ORG,32,2000,INCORRECT,False,False,stable_correct
wh_727,confusing_wrong,-0.0,0.0,1,0.0,INCORRECT,30,0.0,1.0,0.0,LOCATION,18,2000,INCORRECT,False,False,stable_correct
wh_727,correct,-0.0,0.0,1,0.0,CORRECT,30,1.0,0.0,0.0,LOCATION,18,2000,CORRECT,False,False,stable_correct
wh_727,obvious_wrong,-0.0,0.0,1,0.0,INCORRECT,30,0.0,1.0,0.0,LOCATION,18,2000,INCORRECT,False,False,stable_correct
wh_817,confusing_wrong,-0.0,0.0,1,0.0,INCORRECT,30,0.0,1.0,0.0,ORG,7,2000,INCORRECT,False,False,stable_correct
wh_817,correct,0.45056120886630463,0.6500224216483541,2,0.16666666666666666,INCORRECT,30,0.16666666666666666,0.8333333333333334,0.0,ORG,7,2000,CORRECT,True,True,both
wh_817,obvious_wrong,-0.0,0.0,1,0.0,INCORRECT,30,0.0,1.0,0.0,ORG,7,2000,INCORRECT,False,False,stable_correct
wh_88,confusing_wrong,-0.0,0.0,1,0.0,INCORRECT,30,0.0,1.0,0.0,OTHER,17,2000,INCORRECT,False,False,stable_correct
wh_88,correct,-0.0,0.0,1,0.0,CORRECT,30,1.0,0.0,0.0,OTHER,17,2000,CORRECT,False,False,stable_correct
wh_88,obvious_wrong,-0.0,0.0,1,0.0,INCORRECT,30,0.0,1.0,0.0,OTHER,17,2000,INCORRECT,False,False,stable_correct
